,name,dominant_colors_0,dominant_colors_1,dominant_colors_2,dominant_colors_3,distance,year,id
0,1881_still-life-with-beer-mug-and-fruit-1881.jpg,"(15, 11, 6)","(26, 22, 18)","(55, 34, 28)","(132, 75, 46)",17.983233161548043,1881,0
1,1881_still-life-with-cabbage-and-clogs-1881.jpg,"(120, 97, 61)","(68, 67, 54)","(205, 182, 111)","(162, 136, 80)",17.74040684400886,1881,1
2,1881_windmils-at-dordrecht-1881.jpg,"(60, 47, 39)","(179, 147, 103)","(220, 194, 145)","(120, 98, 71)",12.544915508298395,1881,2
3,1882_girl-in-white-in-the-woods-1882(1).jpg,"(29, 17, 15)","(147, 78, 51)","(199, 144, 76)","(84, 46, 36)",26.237819578890278,1882,3
4,1882_view-of-the-sea-at-scheveningen-1882.jpg,"(198, 177, 139)","(60, 40, 22)","(157, 129, 91)","(113, 86, 57)",6.18222700919074,1882,4
5,1882_dunes-with-figures-1882(1).jpg,"(72, 66, 42)","(127, 122, 99)","(95, 91, 66)","(169, 164, 143)",2.4837860317290334,1882,5
6,1882_two-women-in-the-woods-1882.jpg,"(79, 49, 34)","(197, 157, 119)","(29, 17, 14)","(139, 93, 63)",14.294311682463723,1882,6
7,1882_women-mending-nets-in-the-dunes-1882.jpg,"(46, 57, 55)","(132, 149, 149)","(211, 220, 217)","(88, 100, 86)",5.0206002967070456,1882,7
8,1882_edge-of-a-wood-1882(1).jpg,"(206, 182, 116)","(54, 35, 31)","(151, 114, 71)","(97, 72, 52)",18.65086665579447,1882,8
9,1882_cluster-of-old-houses-with-the-new-church-in-the-hague-1882(1).jpg,"(230, 187, 119)","(89, 38, 29)","(153, 96, 54)","(47, 15, 12)",21.12692011248762,1882,9
10,1882_dunes-1882(1).jpg,"(120, 80, 42)","(186, 173, 142)","(59, 29, 18)","(188, 132, 59)",21.666008721601468,1882,10
11,1882_factory-1882(1).jpg,"(133, 130, 119)","(248, 246, 236)","(199, 192, 177)","(79, 77, 71)",2.5900790503474522,1882,11
12,1882_girl-in-the-woods-1882(1).jpg,"(89, 47, 15)","(31, 19, 12)","(148, 112, 58)","(120, 73, 28)",18.422859682850383,1882,12
13,1882_dunes-with-figures-1882-1(1).jpg,"(60, 29, 38)","(155, 131, 126)","(108, 78, 72)","(132, 105, 93)",7.362286325397566,1882,13
14,1882_man-stooping-with-stick-or-spade-1882.jpg,"(61, 33, 22)","(191, 125, 52)","(130, 78, 38)","(160, 147, 95)",24.217200839920352,1882,14
15,1882_beach-at-scheveningen-in-calm-weather-1882(1).jpg,"(217, 209, 137)","(69, 63, 45)","(243, 250, 244)","(157, 127, 81)",22.158084805676538,1882,15
16,1882_iron-mill-in-the-hague-1882.jpg,"(242, 226, 155)","(112, 89, 43)","(46, 34, 17)","(187, 158, 78)",18.16447358926784,1882,16
17,1882_shores-of-scheveningen-1882.jpg,"(113, 138, 73)","(185, 200, 141)","(64, 86, 39)","(157, 173, 85)",10.664229506408654,1882,17
18,1883_farmhouses-in-loosduinen-near-the-hague-at-twilight-1883(1).jpg,"(175, 164, 91)","(63, 42, 15)","(206, 190, 116)","(104, 73, 28)",14.558416829409028,1883,18
19,1883_farmhouse-with-peat-stacks-1883(1).jpg,"(186, 181, 145)","(93, 61, 39)","(38, 22, 21)","(158, 149, 111)",14.627993304096243,1883,19
20,1883_farmhouses-among-trees-1883(1).jpg,"(147, 144, 100)","(54, 31, 19)","(196, 211, 192)","(103, 82, 51)",15.688914080010813,1883,20
21,1883_peasant-burning-weeds-1883.jpg,"(42, 33, 25)","(119, 78, 36)","(26, 17, 13)","(94, 54, 24)",18.804318100881172,1883,21
22,1883_landscape-with-dunes-1883.jpg,"(174, 164, 129)","(104, 85, 67)","(226, 219, 189)","(38, 27, 28)",11.507904594011857,1883,22
23,1883_cottages-1883(1).jpg,"(42, 31, 19)","(227, 193, 114)","(114, 90, 50)","(193, 164, 91)",19.53534823913709,1883,23
24,1883_two-women-in-the-moor-1883.jpg,"(101, 85, 53)","(46, 36, 29)","(172, 163, 96)","(136, 126, 73)",17.40030071131452,1883,24
25,1884_still-life-with-five-bottles-1884.jpg,"(144, 148, 104)","(88, 104, 78)","(239, 238, 198)","(50, 71, 56)",10.1179431391144,1884,25
26,1884_weaver-near-an-open-window-1884.jpg,"(82, 50, 31)","(224, 228, 195)","(160, 145, 81)","(39, 22, 17)",20.6949339040935,1884,26
27,1884_head-of-an-old-peasant-woman-with-white-cap-1884-1.jpg,"(17, 13, 12)","(177, 136, 81)","(97, 64, 47)","(206, 189, 129)",23.221449333595775,1884,27
28,1884_landscape-with-windswept-trees-1884.jpg,"(44, 49, 29)","(204, 202, 165)","(126, 126, 88)","(79, 81, 49)",4.593033405579136,1884,28
29,1884_still-life-with-four-stone-bottles-flask-and-white-cup-1884.jpg,"(44, 33, 23)","(168, 123, 58)","(100, 72, 43)","(223, 187, 100)",24.040316248563048,1884,29
30,1884_shepherd-with-a-flock-of-sheep-1884.jpg,"(34, 38, 31)","(121, 120, 85)","(227, 224, 207)","(73, 74, 54)",8.559416228809754,1884,30
31,1884_the-old-tower-in-the-fields-1884.jpg,"(227, 117, 24)","(126, 25, 5)","(224, 135, 48)","(170, 64, 22)",18.125369616550277,1884,31
32,1884_weaver-1884-4.jpg,"(40, 39, 31)","(79, 76, 56)","(139, 130, 89)","(54, 57, 46)",10.30869123438105,1884,32
33,1884_ploughman-with-woman-planting-potatoes-1884.jpg,"(94, 78, 44)","(223, 225, 207)","(161, 141, 80)","(42, 37, 26)",16.633383876554095,1884,33
34,1884_head-of-a-peasant-woman-1884(1).jpg,"(21, 10, 6)","(237, 223, 151)","(182, 112, 73)","(63, 42, 29)",27.704471544129547,1884,34
35,1884_avenue-of-poplars-at-sunset-1884(1).jpg,"(44, 23, 16)","(145, 130, 92)","(103, 84, 62)","(72, 50, 39)",9.542665496603888,1884,35
36,1884_head-of-a-peasant-woman-with-white-cap-1884(1).jpg,"(47, 42, 41)","(220, 218, 214)","(104, 93, 83)","(174, 149, 123)",9.343238382052897,1884,36
37,1884_weaver-1884-5.jpg,"(94, 97, 65)","(224, 226, 204)","(36, 48, 38)","(153, 160, 129)",7.821835904450144,1884,37
38,1884_avenue-of-poplars-at-sunset-1884-1(1).jpg,"(83, 61, 27)","(141, 142, 121)","(27, 28, 12)","(145, 99, 40)",20.05371858706233,1884,38
39,1884_village-at-sunset-1884.jpg,"(55, 38, 19)","(111, 88, 28)","(85, 67, 24)","(41, 23, 9)",15.26770169118244,1884,39
40,1884_vase-with-honesty-1884.jpg,"(78, 57, 30)","(17, 9, 8)","(183, 177, 101)","(131, 112, 55)",23.514112822186476,1884,40
41,1884_landscape-with-pollard-willows-1884.jpg,"(179, 163, 167)","(44, 49, 45)","(228, 200, 198)","(96, 96, 90)",8.330128543475746,1884,41
42,1884_cart-with-black-ox-1884(1).jpg,"(230, 230, 226)","(100, 102, 101)","(165, 166, 162)","(63, 66, 68)",2.1430919201020306,1884,42
43,1884_weaver-seen-from-the-front-1884.jpg,"(135, 101, 55)","(35, 29, 29)","(235, 221, 165)","(209, 186, 108)",23.495861482510133,1884,43
44,1884_the-old-tower-1884.jpg,"(178, 178, 159)","(48, 40, 29)","(126, 137, 122)","(228, 219, 198)",5.620979831291595,1884,44
45,1884_new-born-calf-lying-on-straw.jpg,"(110, 63, 30)","(232, 221, 196)","(12, 7, 5)","(201, 175, 123)",21.37664343915294,1884,45
46,1884_still-life-of-paintbrushes-in-a-flowerpot-1884.jpg,"(37, 23, 14)","(144, 127, 55)","(92, 69, 39)","(61, 45, 29)",18.381873384798347,1884,46
47,1884_still-life-with-clogs-and-pots-1884.jpg,"(39, 21, 16)","(156, 102, 43)","(90, 52, 24)","(192, 160, 104)",20.840887495088065,1884,47
48,1884_head-of-an-old-peasant-woman-with-white-cap-1884.jpg,"(13, 10, 8)","(209, 171, 101)","(64, 44, 33)","(143, 100, 57)",24.646336258619854,1884,48
49,1884_water-wheels-of-mill-at-gennep-1884.jpg,"(84, 70, 34)","(228, 213, 135)","(51, 34, 21)","(129, 121, 62)",17.40457246915942,1884,49
50,1884_peasants-planting-potatoes-1884.jpg,"(107, 116, 117)","(29, 30, 23)","(60, 62, 49)","(142, 150, 150)",5.758618146175594,1884,50
51,1884_still-life-with-coffee-mill-pipe-case-and-jug-1884.jpg,"(48, 34, 31)","(184, 153, 97)","(28, 17, 16)","(130, 81, 49)",21.689980533527464,1884,51
52,1884_cart-with-red-and-white-ox-1884(1).jpg,"(37, 27, 14)","(159, 109, 39)","(94, 67, 28)","(235, 187, 70)",30.32265847633056,1884,52
53,1884_wood-gatherers-in-the-snow-1884.jpg,"(61, 57, 37)","(183, 172, 131)","(216, 208, 183)","(127, 111, 69)",8.056576877606211,1884,53
54,1884_still-life-with-two-sacks-and-a-bottle-1884.jpg,"(33, 14, 12)","(179, 144, 79)","(65, 38, 28)","(114, 77, 43)",20.35364103953532,1884,54
55,1885_view-on-the-singel-in-amsterdam-1885.jpg,"(57, 46, 26)","(159, 174, 133)","(116, 111, 53)","(207, 212, 154)",13.856636716741193,1885,55
56,1885_autumn-landscape-1885(1).jpg,"(177, 171, 200)","(124, 58, 27)","(160, 108, 79)","(55, 23, 11)",26.899401296773988,1885,56
57,1885_still-life-with-a-basket-of-vegetables-1885.jpg,"(69, 58, 41)","(227, 205, 130)","(147, 115, 75)","(100, 80, 56)",16.558040596366695,1885,57
58,1885_the-parsonage-garden-at-nuenen-in-the-snow-1885.jpg,"(99, 65, 46)","(197, 181, 160)","(49, 25, 19)","(154, 126, 101)",8.473923502601098,1885,58
59,1885_peasant-man-and-woman-planting-potatoes-1885-1.jpg,"(114, 69, 35)","(206, 208, 187)","(170, 120, 65)","(44, 20, 16)",22.779308791959142,1885,59
60,1885_landscape-at-dusk-1885.jpg,"(52, 29, 10)","(210, 152, 57)","(189, 129, 37)","(98, 65, 27)",25.168660988543692,1885,60
61,1885_head-of-a-peasant-1885(1).jpg,"(200, 192, 119)","(43, 17, 19)","(163, 125, 78)","(109, 57, 47)",25.85654370043268,1885,61
62,1885_basket-of-potatoes-1885(1).jpg,"(27, 14, 11)","(117, 85, 59)","(187, 149, 97)","(59, 41, 31)",16.741769522965427,1885,62
63,1885_backyards-of-old-houses-in-antwerp-in-the-snow-1885.jpg,"(49, 32, 21)","(162, 133, 91)","(109, 86, 54)","(230, 202, 117)",18.735881574234117,1885,63
64,1885_head-of-a-young-peasant-in-a-peaked-cap-1885.jpg,"(19, 11, 11)","(104, 74, 54)","(45, 32, 31)","(189, 149, 90)",20.904535198193813,1885,64
65,1885_head-of-a-peasant-woman-with-dark-cap-1885-4(1).jpg,"(22, 12, 9)","(148, 123, 81)","(108, 77, 53)","(58, 40, 32)",14.692754737343071,1885,65
66,1885_skull-with-burning-cigarette-1885.jpg,"(25, 20, 13)","(225, 195, 103)","(162, 139, 67)","(77, 68, 37)",26.061838453659032,1885,66
67,1885_country-lane-with-two-figures-1885(1).jpg,"(77, 59, 20)","(137, 142, 83)","(48, 26, 8)","(112, 107, 49)",15.770350650308776,1885,67
68,1885_cottage-and-woman-with-goat-1885(1).jpg,"(100, 62, 34)","(207, 209, 201)","(45, 29, 18)","(168, 122, 71)",20.234348808087713,1885,68
69,1885_still-life-with-a-basket-of-apples-1885.jpg,"(33, 38, 45)","(58, 57, 59)","(167, 146, 120)","(97, 88, 78)",12.57667907433914,1885,69
70,1885_cottage-with-decrepit-barn-and-stooping-woman-1885(1).jpg,"(113, 75, 43)","(193, 199, 203)","(50, 30, 16)","(167, 131, 89)",19.078664805919345,1885,70
71,1885_cottage-with-trees-and-peasant-woman-1885(1).jpg,"(65, 63, 57)","(106, 96, 76)","(43, 48, 46)","(185, 161, 126)",12.460012136733326,1885,71
72,1885_peasant-digging-1885.jpg,"(113, 78, 73)","(46, 24, 32)","(80, 47, 50)","(25, 8, 17)",7.951980827506379,1885,72
73,1885_still-life-with-earthenware-bottle-and-clogs-1885.jpg,"(190, 122, 56)","(53, 35, 26)","(136, 68, 36)","(29, 20, 14)",28.245344565023505,1885,73
74,1885_straw-hats-at-dusk-1885.jpg,"(206, 198, 151)","(36, 45, 46)","(127, 125, 107)","(80, 82, 77)",14.639124184212099,1885,74
75,1885_peasant-woman-with-a-child-in-her-lap-1885.jpg,"(33, 17, 12)","(130, 81, 46)","(192, 154, 103)","(58, 36, 26)",18.096088943747606,1885,75
76,1885_still-life-with-yellow-hat-1885.jpg,"(47, 30, 24)","(190, 123, 60)","(204, 164, 120)","(130, 71, 38)",22.38354215949151,1885,76
77,1885_cottage-with-trees-1885(1).jpg,"(84, 60, 32)","(236, 209, 189)","(181, 156, 133)","(117, 93, 66)",4.6699084639032415,1885,77
78,1885_vvg.jpg,"(140, 128, 106)","(33, 35, 33)","(201, 186, 183)","(76, 71, 54)",8.864426868054649,1885,78
79,1885_cottage-with-peasant-coming-home-1885(1).jpg,"(164, 147, 111)","(49, 43, 37)","(218, 213, 197)","(105, 89, 64)",9.986450664818195,1885,79
80,1885_peasant-woman-digging-1885-2.jpg,"(80, 59, 34)","(33, 23, 16)","(195, 165, 87)","(157, 116, 48)",24.093649943439445,1885,80
81,1885_head-of-a-peasant-woman-with-greenish-lace-cap-1885(1).jpg,"(23, 16, 11)","(95, 71, 50)","(52, 38, 31)","(203, 133, 68)",24.583468895756486,1885,81
82,1885_head-of-a-peasant-woman-with-white-cap-1885(1).jpg,"(17, 15, 16)","(146, 133, 106)","(63, 41, 33)","(108, 78, 58)",12.740737096196417,1885,82
83,1885_head-of-a-peasant-woman-with-dark-cap-1885-1(1).jpg,"(187, 124, 67)","(44, 24, 24)","(30, 11, 11)","(107, 62, 44)",22.607388834571434,1885,83
84,1885_still-life-with-a-basket-of-apples-and-two-pumpkins-1885.jpg,"(59, 54, 50)","(191, 166, 100)","(69, 65, 60)","(103, 91, 75)",18.375067648433724,1885,84
85,1885_peasant-and-peasant-woman-planting-potatoes-1885.jpg,"(179, 159, 99)","(108, 82, 38)","(43, 35, 17)","(230, 207, 141)",13.150400276293261,1885,85
86,1885_the-potato-eaters-1885-1.jpg,"(41, 38, 35)","(69, 65, 50)","(23, 20, 20)","(122, 114, 85)",9.794851846691245,1885,86
87,1885_bobbin-winder-1885(1).jpg,"(38, 22, 29)","(86, 73, 61)","(61, 39, 43)","(124, 121, 97)",12.167098296188632,1885,87
88,1885_head-of-a-peasant-woman-with-dark-cap-1885-5(1).jpg,"(65, 75, 78)","(160, 158, 133)","(197, 205, 172)","(105, 113, 107)",11.9395981922304,1885,88
89,1885_cottage(1).jpg,"(241, 230, 224)","(148, 77, 39)","(219, 192, 183)","(58, 18, 13)",22.16803460448865,1885,89
90,1885_head-of-a-peasant-woman-with-white-cap-1885-1(1).jpg,"(22, 9, 5)","(143, 93, 56)","(227, 149, 81)","(77, 49, 29)",26.202862093798135,1885,90
91,1885_head-of-a-young-peasant-woman-with-dark-cap-1885.jpg,"(44, 20, 16)","(232, 227, 134)","(162, 167, 100)","(82, 64, 45)",27.19982661117791,1885,91
92,1885_head-of-a-peasant-woman-with-white-cap-1885-4(1).jpg,"(41, 13, 10)","(237, 229, 148)","(127, 81, 48)","(197, 152, 92)",25.25851757054561,1885,92
93,1885_landscape-at-sunset-1885.jpg,"(215, 159, 83)","(67, 33, 20)","(200, 130, 66)","(113, 65, 43)",20.832309073368013,1885,93
94,1885_still-life-with-two-jars-and-two-pumpkins-1885.jpg,"(41, 34, 26)","(168, 138, 52)","(23, 17, 15)","(74, 66, 38)",25.398258668028387,1885,94
95,1885_the-old-station-at-eindhoven-1885.jpg,"(115, 121, 87)","(53, 53, 38)","(164, 167, 132)","(236, 238, 223)",7.7637120737899314,1885,95
96,1885_the-potato-eaters-1885.jpg,"(40, 26, 15)","(90, 87, 43)","(151, 135, 73)","(61, 50, 27)",15.849381187839555,1885,96
97,1885_head-of-a-peasant-woman-in-a-green-shawl-1885(1).jpg,"(21, 6, 4)","(122, 67, 40)","(40, 17, 15)","(70, 34, 26)",16.364014488593476,1885,97
98,1885_head-of-a-peasant-woman-with-brownish-cap-1885(1).jpg,"(51, 19, 10)","(163, 69, 22)","(33, 9, 3)","(109, 37, 15)",27.53095457271297,1885,98
99,1885_country-churchyard-and-old-church-tower-1885(1).jpg,"(111, 72, 37)","(173, 183, 190)","(109, 129, 128)","(43, 38, 17)",22.206728157711556,1885,99
100,1885_still-life-with-bible.jpg,"(155, 116, 62)","(19, 15, 7)","(109, 71, 24)","(209, 190, 156)",19.72564965858597,1885,100
101,1885_cottage-with-woman-digging-1885(1).jpg,"(204, 202, 197)","(164, 139, 81)","(46, 29, 18)","(110, 87, 46)",19.235841524264572,1885,101
102,1885_quayside-with-ships-in-antwerp-1885.jpg,"(43, 23, 14)","(201, 166, 136)","(157, 127, 74)","(105, 78, 35)",13.475918673914391,1885,102
103,1885_head-of-a-peasant-woman-with-white-cap-1885-2(1).jpg,"(80, 47, 36)","(198, 156, 114)","(23, 13, 12)","(154, 91, 62)",19.836017328184635,1885,103
104,1885_head-of-a-peasant-woman-with-dark-cap-1885(1).jpg,"(26, 37, 43)","(250, 250, 170)","(222, 130, 80)","(98, 85, 66)",39.188203967288985,1885,104
105,1885_still-life-with-basket-of-apples-1885.jpg,"(19, 19, 12)","(95, 84, 23)","(159, 132, 43)","(38, 38, 25)",27.605987907249983,1885,105
106,1885_peasant-woman-by-the-hearth.jpg,"(101, 105, 47)","(41, 43, 24)","(69, 76, 32)","(22, 21, 12)",16.57447384673566,1885,106
107,1885_head-of-an-old-woman-with-white-cap-the-midwife-1885(2).jpg,"(15, 9, 9)","(194, 154, 102)","(83, 72, 47)","(240, 230, 190)",18.237442460390525,1885,107
108,1885_still-life-with-three-birds-nests-1885.jpg,"(137, 108, 64)","(61, 37, 26)","(196, 172, 105)","(98, 69, 45)",15.585818711240208,1885,108
109,1885_head-of-a-woman-with-her-hair-loose-1885(1).jpg,"(150, 128, 76)","(90, 80, 50)","(34, 29, 24)","(216, 185, 125)",17.3105296548471,1885,109
110,1885_the-old-cemetery-tower-at-nuenen-in-the-snow-1885.jpg,"(181, 184, 157)","(68, 64, 54)","(236, 236, 202)","(146, 149, 126)",6.064802077683289,1885,110
111,1885_head-of-a-peasant-woman-with-dark-cap-1885-6(1).jpg,"(157, 114, 69)","(23, 15, 9)","(185, 182, 100)","(82, 65, 40)",25.324063050860307,1885,111
112,1885_the-parsonage-garden-at-nuenen-in-the-snow-1885-1.jpg,"(48, 17, 19)","(189, 187, 180)","(104, 72, 54)","(154, 136, 111)",13.820215870863585,1885,112
113,1885_basket-of-potatoes-1885-1(1).jpg,"(59, 24, 2)","(28, 3, 1)","(90, 51, 8)","(110, 81, 32)",18.446841597572035,1885,113
114,1885_cottage-with-peasant-woman-digging-1885(1).jpg,"(53, 29, 19)","(170, 179, 163)","(96, 54, 38)","(164, 113, 70)",19.836107365714284,1885,114
115,1885_sheaves-of-wheat-in-a-field-1885.jpg,"(110, 81, 29)","(199, 199, 184)","(53, 32, 12)","(161, 132, 50)",23.882171964255065,1885,115
116,1885_cottage-with-trees-1885-1(1).jpg,"(114, 63, 39)","(25, 5, 3)","(64, 31, 19)","(160, 93, 52)",19.651097030642614,1885,116
117,1885_head-of-a-brabant-peasant-woman-with-dark-cap-1885(1).jpg,"(28, 27, 19)","(205, 215, 149)","(81, 65, 44)","(142, 154, 106)",18.543614464109606,1885,117
118,1885_head-of-a-peasant-woman-with-dark-cap-1885-2(1).jpg,"(248, 246, 170)","(25, 36, 44)","(159, 156, 127)","(56, 60, 66)",25.88139359044929,1885,118
119,1885_the-vicarage-at-nuenen-1885.jpg,"(186, 124, 85)","(97, 75, 78)","(218, 232, 234)","(30, 31, 52)",27.578273353876952,1885,119
120,1885_head-of-a-peasant-woman-with-white-cap-1885-6.jpg,"(90, 50, 41)","(50, 20, 17)","(161, 88, 60)","(210, 132, 86)",18.599564510380645,1885,120
121,1885_baskets-of-potatoes-1885(1).jpg,"(39, 25, 9)","(124, 86, 45)","(16, 7, 1)","(68, 46, 23)",15.316570146900164,1885,121
122,1885_peasant-woman-seated-1885.jpg,"(37, 25, 14)","(62, 48, 32)","(193, 165, 121)","(145, 89, 47)",17.68324980421693,1885,122
123,1885_landscape-with-a-church-and-houses-1885.jpg,"(184, 143, 96)","(53, 32, 12)","(220, 182, 134)","(119, 81, 41)",8.374841967670402,1885,123
124,1885_peasant-woman-portrait-of-gordina-de-groot-1885-1.jpg,"(30, 27, 30)","(190, 191, 132)","(128, 114, 79)","(65, 60, 54)",19.948593241689696,1885,124
125,1885_beer-tankards-1885(1).jpg,"(32, 21, 23)","(142, 115, 96)","(202, 174, 133)","(81, 60, 57)",13.874688244802803,1885,125
126,1885_head-of-a-peasant-woman-with-dark-cap-1885-3(1).jpg,"(32, 13, 9)","(211, 165, 83)","(118, 87, 56)","(47, 30, 25)",24.442362575113005,1885,126
127,1885_still-life-with-an-earthern-bowl-and-pears-1885.jpg,"(78, 75, 63)","(178, 179, 142)","(109, 104, 83)","(57, 55, 48)",8.60629893231864,1885,127
128,1885_two-peasant-women-digging-potatoes-1885.jpg,"(234, 221, 207)","(72, 49, 42)","(200, 152, 101)","(129, 85, 61)",17.484980231654234,1885,128
129,1885_four-peasants-at-a-meal-study-for-the-potato-eaters-1885(1).jpg,"(32, 35, 29)","(16, 18, 13)","(133, 132, 83)","(65, 77, 49)",15.277267737852043,1885,129
130,1885_portrait-of-woman-in-blue-1885.jpg,"(24, 26, 23)","(91, 116, 103)","(59, 79, 66)","(237, 204, 104)",28.907390553702214,1885,130
131,1885_head-of-a-peasant-woman-with-dark-cap-1885-7(1).jpg,"(27, 25, 18)","(13, 12, 7)","(50, 42, 31)","(102, 69, 37)",13.382849392363157,1885,131
132,1885_head-of-a-peasant-woman-with-white-cap-1885-3(1).jpg,"(160, 130, 87)","(77, 45, 31)","(126, 78, 42)","(33, 19, 14)",16.73834140126642,1885,132
133,1885_peasant-woman-portrait-of-gordina-de-groot-1885.jpg,"(61, 65, 65)","(200, 197, 147)","(31, 38, 39)","(149, 126, 89)",19.45941644100382,1885,133
134,1885_portrait-of-a-woman-with-a-red-ribbon-1885.jpg,"(147, 149, 96)","(20, 19, 14)","(81, 88, 46)","(176, 75, 35)",35.513849240431036,1885,134
135,1885_peasant-woman-peeling-potatoes-1885.jpg,"(59, 48, 39)","(162, 157, 128)","(115, 99, 68)","(25, 18, 18)",11.776635871116738,1885,135
136,1885_head-of-a-peasant-woman-with-white-cap-1885-5(1).jpg,"(203, 207, 185)","(25, 14, 19)","(162, 130, 102)","(91, 64, 60)",15.463375096411026,1885,136
137,1886_still-life-with-bloaters-1886.jpg,"(116, 73, 42)","(17, 8, 8)","(198, 149, 76)","(45, 27, 22)",26.3572517819602,1886,137
138,1886_the-hill-of-montmartre-with-quarry-1886.jpg,"(125, 118, 37)","(63, 74, 23)","(210, 198, 136)","(177, 157, 80)",11.643818486340882,1886,138
139,1886_still-life-with-apples-meat-and-a-roll-1886.jpg,"(197, 134, 72)","(21, 16, 17)","(88, 46, 26)","(157, 88, 38)",27.511068174110164,1886,139
140,1886_terrace-of-a-cafe-on-montmartre-la-guinguette-1886.jpg,"(88, 90, 74)","(234, 231, 197)","(24, 28, 29)","(156, 149, 115)",11.639387982273623,1886,140
141,1886_view-of-roofs-and-backs-of-houses-1886.jpg,"(151, 129, 107)","(35, 24, 21)","(243, 221, 170)","(89, 74, 61)",12.96132804904802,1886,141
142,1886_vase-with-carnations-and-bottle-1886.jpg,"(121, 78, 32)","(218, 180, 93)","(162, 114, 54)","(59, 41, 23)",19.54251225816239,1886,142
143,1886_vase-with-red-gladioli-1886-1.jpg,"(22, 17, 17)","(155, 94, 74)","(75, 53, 47)","(213, 173, 129)",20.518878502875026,1886,143
144,1886_tambourine-with-pansies-1886.jpg,"(57, 23, 10)","(168, 135, 110)","(119, 73, 40)","(202, 121, 45)",22.63399812633871,1886,144
145,1886_plaster-statuette-of-a-horse-1886.jpg,"(65, 68, 48)","(126, 121, 82)","(37, 24, 17)","(203, 174, 103)",20.241885825429296,1886,145
146,1886_montmartre-the-quarry-and-windmills-1886.jpg,"(125, 102, 76)","(233, 213, 160)","(71, 56, 54)","(196, 169, 113)",16.856996534594362,1886,146
147,1886_still-life-vase-with-red-gladiolas-1886.jpg,"(113, 91, 31)","(199, 167, 103)","(186, 58, 18)","(81, 35, 11)",30.080407495977568,1886,147
148,1886_the-kingfisher-1886.jpg,"(207, 212, 137)","(37, 53, 29)","(154, 159, 96)","(91, 106, 64)",13.591794307359203,1886,148
149,1886_the-roofs-of-paris-1886.jpg,"(176, 174, 166)","(120, 120, 91)","(58, 54, 30)","(225, 221, 218)",9.82736968849161,1886,149
150,1886_le-moulin-de-la-galette-1886-1.jpg,"(35, 25, 25)","(203, 211, 211)","(102, 68, 54)","(166, 126, 97)",16.661525314904168,1886,150
151,1886_plaster-statuette-of-a-female-torso-1886-4.jpg,"(62, 96, 71)","(234, 207, 146)","(30, 64, 42)","(156, 141, 103)",19.496030160406807,1886,151
152,1886_vincent-van-gogh-head-of-a-skeleton-with-a-burning-cigarette-google-art-project.jpg,"(17, 15, 3)","(185, 175, 126)","(72, 64, 30)","(132, 120, 76)",11.70711031127656,1886,152
153,1886_still-life-with-mussels-and-shrimp-1886.jpg,"(28, 19, 23)","(171, 141, 108)","(81, 49, 44)","(136, 81, 66)",17.203674293317693,1886,153
154,1886_vase-with-poppies-cornflowers-peonies-and-chrysanthemums-1886.jpg,"(50, 23, 17)","(129, 62, 37)","(231, 196, 168)","(170, 122, 78)",17.136271029558834,1886,154
155,1886_self-portrait-with-dark-felt-hat-at-the-easel-1886(1).jpg,"(76, 54, 54)","(128, 108, 90)","(27, 17, 23)","(183, 164, 132)",13.042593939196577,1886,155
156,1886_belvedere-overlooking-montmartre-1886(1).jpg,"(204, 216, 218)","(109, 118, 99)","(158, 174, 169)","(51, 59, 42)",7.740003946451577,1886,156
157,1886_the-bois-de-boulogne-with-people-walking-1886.jpg,"(173, 196, 176)","(47, 29, 8)","(114, 62, 17)","(175, 112, 38)",30.939910812514885,1886,157
158,1886_self-portrait-with-pipe-1886.jpg,"(103, 69, 50)","(18, 8, 9)","(189, 170, 140)","(50, 29, 25)",13.19462326281503,1886,158
159,1886_plaster-statuette-of-a-female-torso-1886-1.jpg,"(41, 83, 150)","(103, 117, 121)","(31, 45, 65)","(198, 196, 185)",26.256234079905116,1886,159
160,1886_bowl-with-peonies-and-roses-1886(1).jpg,"(140, 119, 67)","(33, 22, 23)","(215, 185, 122)","(81, 47, 39)",22.33368361795479,1886,160
161,1886_the-pont-du-carrousel-and-the-louvre-1886.jpg,"(225, 218, 186)","(128, 96, 61)","(181, 158, 109)","(62, 38, 25)",12.817347639430443,1886,161
162,1886_vase-with-gladioli-1886.jpg,"(93, 70, 50)","(193, 169, 114)","(124, 110, 94)","(47, 29, 19)",12.723393065847814,1886,162
163,1886_flying-fox-1886(1).jpg,"(12, 8, 7)","(132, 75, 54)","(56, 33, 29)","(196, 119, 73)",25.881778161148578,1886,163
164,1886_vase-with-peonies-1886.jpg,"(76, 63, 33)","(209, 203, 166)","(29, 16, 11)","(138, 123, 84)",11.298897485556651,1886,164
165,1886_still-life-with-scabiosa-and-ranunculus-1886.jpg,"(54, 17, 12)","(113, 77, 57)","(81, 44, 30)","(171, 122, 90)",7.959811645508606,1886,165
166,1886_vase-with-carnations-1886-1.jpg,"(217, 169, 141)","(30, 38, 47)","(125, 110, 96)","(62, 65, 68)",18.30441742859047,1886,166
167,1886_plaster-statuette-of-a-male-torso-1886.jpg,"(74, 122, 145)","(220, 226, 219)","(39, 64, 64)","(154, 172, 163)",12.473324964908413,1886,167
168,1886_the-fourteenth-of-july-celebration-in-paris-1886.jpg,"(51, 31, 14)","(169, 138, 81)","(134, 70, 23)","(86, 77, 69)",24.42105585855076,1886,168
169,1886_the-moulin-de-la-galette-1886.jpg,"(186, 184, 174)","(120, 73, 63)","(64, 36, 37)","(166, 131, 108)",14.352812000109218,1886,169
170,1886_moulin-de-la-galette-1886.jpg,"(109, 90, 67)","(209, 206, 195)","(159, 153, 142)","(41, 32, 25)",6.6446451616282145,1886,170
171,1886_vase-with-zinnias-1886.jpg,"(98, 44, 16)","(175, 150, 87)","(30, 14, 6)","(167, 92, 31)",28.601090756657978,1886,171
172,1886_plaster-statuette-of-a-kneeling-man-1886.jpg,"(53, 32, 42)","(166, 175, 139)","(120, 103, 81)","(219, 227, 191)",17.2092310417903,1886,172
173,1886_still-life-with-roses-and-sunflowers-1886.jpg,"(96, 92, 56)","(220, 206, 155)","(46, 49, 37)","(172, 113, 58)",21.980136206922506,1886,173
174,1886_vase-with-red-poppies-1886.jpg,"(188, 192, 137)","(53, 34, 22)","(88, 93, 83)","(165, 39, 20)",39.94804485929885,1886,174
175,1886_vase-with-carnations-1886-2.jpg,"(34, 26, 13)","(232, 212, 136)","(96, 82, 44)","(166, 131, 69)",19.37545697266867,1886,175
176,1886_le-moulin-de-la-gallette-3-1886.jpg,"(201, 235, 190)","(49, 52, 20)","(138, 109, 55)","(142, 195, 179)",23.023026892059146,1886,176
177,1886_montmartre-the-quarry-and-windmills-1886-1.jpg,"(170, 152, 133)","(48, 35, 25)","(199, 206, 204)","(107, 88, 58)",11.488151839707394,1886,177
178,1886_vase-with-gladioli-and-carnations-1886-1.jpg,"(41, 23, 17)","(151, 134, 67)","(124, 63, 39)","(208, 195, 114)",27.388363535753594,1886,178
179,1886_flower-pot-with-asters-1886(1).jpg,"(168, 164, 51)","(75, 84, 55)","(107, 114, 77)","(181, 189, 124)",22.460002173325506,1886,179
180,1886_a-pair-of-shoes-1886(1).jpg,"(108, 93, 45)","(170, 150, 79)","(40, 36, 18)","(224, 201, 125)",15.876769996671344,1886,180
181,1886_vase-with-asters-salvia-and-other-flowers-1886.jpg,"(29, 15, 15)","(164, 108, 60)","(215, 171, 101)","(77, 54, 39)",24.97168939443847,1886,181
182,1886_terrace-in-the-luxembourg-garden-1886.jpg,"(164, 167, 141)","(68, 49, 15)","(213, 223, 222)","(130, 128, 46)",25.73815023496716,1886,182
183,1886_self-portrait-with-dark-felt-hat-1886.jpg,"(23, 10, 10)","(105, 79, 57)","(64, 38, 29)","(189, 173, 92)",23.657779281337966,1886,183
184,1886_le-moulin-de-la-galette-4-1886.jpg,"(74, 64, 51)","(191, 197, 206)","(145, 132, 119)","(228, 239, 245)",10.177283068095278,1886,184
185,1886_vase-with-flowers.jpg,"(35, 49, 40)","(58, 69, 56)","(162, 159, 126)","(106, 95, 74)",9.917396858800435,1886,185
186,1886_gypsum-torso-1886(1).jpg,"(133, 123, 104)","(136, 158, 163)","(85, 57, 28)","(211, 187, 166)",16.913465742994724,1886,186
187,1886_self-portrait-with-pipe-1886-1.jpg,"(68, 40, 34)","(224, 187, 132)","(20, 10, 9)","(122, 84, 63)",18.709609730449255,1886,187
188,1886_plaster-statuette-of-a-female-torso-1886.jpg,"(101, 111, 74)","(36, 92, 140)","(177, 172, 123)","(24, 68, 111)",37.89289667847088,1886,188
189,1886_vase-with-red-and-white-carnations-on-a-yellow-background-1886.jpg,"(137, 80, 18)","(192, 131, 29)","(58, 37, 9)","(215, 181, 84)",24.970881192377977,1886,189
190,1886_the-outskirts-of-paris-1886.jpg,"(171, 170, 179)","(34, 22, 27)","(131, 97, 80)","(80, 60, 53)",12.490224889835615,1886,190
191,1886_windmill-on-montmartre-1886.jpg,"(176, 191, 181)","(40, 47, 33)","(98, 104, 79)","(129, 156, 169)",12.438199028178039,1886,191
192,1886_plaster-statuette-of-a-female-torso-1886-2.jpg,"(177, 189, 157)","(23, 28, 56)","(45, 73, 103)","(117, 137, 116)",25.718730970448934,1886,192
193,1886_the-green-parrot-1886.jpg,"(68, 35, 28)","(30, 12, 15)","(168, 109, 58)","(125, 71, 39)",22.02358187010149,1886,193
194,1886_geranium-in-a-flowerpot-1886(1).jpg,"(76, 53, 35)","(163, 164, 93)","(213, 212, 143)","(124, 93, 50)",18.116107797410805,1886,194
195,1886_vase-with-carnations-1886.jpg,"(176, 113, 65)","(27, 13, 9)","(229, 197, 147)","(107, 53, 25)",22.371862579755263,1886,195
196,1886_coleus-plant-in-a-flowerpot-1886(1).jpg,"(202, 167, 95)","(140, 83, 35)","(52, 29, 27)","(114, 113, 135)",34.70393017971028,1886,196
197,1886_vase-with-zinnias-and-other-flowers-1886.jpg,"(90, 99, 75)","(30, 30, 37)","(225, 222, 194)","(160, 164, 129)",13.243418264218441,1886,197
198,1886_vase-with-asters-and-phlox-1886.jpg,"(206, 175, 141)","(117, 43, 33)","(45, 14, 14)","(163, 109, 70)",20.08218763703859,1886,198
199,1886_three-pairs-of-shoes-1886.jpg,"(87, 65, 32)","(155, 122, 63)","(27, 17, 10)","(220, 178, 101)",22.187670322562962,1886,199
200,1886_view-of-paris-from-near-montmartre-1886.jpg,"(217, 223, 209)","(34, 33, 26)","(83, 80, 64)","(127, 137, 129)",4.78501809436136,1886,200
201,1886_plaster-statuette-of-a-female-torso-1886-3.jpg,"(135, 137, 80)","(71, 75, 52)","(57, 120, 139)","(195, 193, 129)",27.737510948974094,1886,201
202,1886_self-portrait-1886.jpg,"(10, 16, 16)","(158, 84, 37)","(39, 34, 31)","(199, 145, 68)",35.4393501592537,1886,202
203,1886_vase-with-carnations-and-other-flowers-1886.jpg,"(209, 186, 146)","(52, 37, 23)","(130, 91, 54)","(107, 128, 147)",24.000044186354557,1886,203
204,1886_vase-with-red-gladioli-1886.jpg,"(42, 16, 6)","(173, 122, 52)","(138, 37, 8)","(151, 73, 22)",28.779148443487315,1886,204
205,1886_vase-with-gladioli-and-lilac-1886.jpg,"(164, 136, 91)","(94, 61, 33)","(216, 192, 152)","(30, 20, 11)",13.241599183481172,1886,205
206,1886_vase-of-hollyhocks-1886.jpg,"(147, 140, 103)","(44, 44, 43)","(225, 212, 173)","(96, 95, 68)",11.56275990884721,1886,206
207,1886_vase-with-gladioli-and-carnations-1886.jpg,"(163, 68, 36)","(40, 11, 10)","(195, 127, 71)","(101, 32, 22)",25.205134580373098,1886,207
208,1886_glass-with-roses-1886(1).jpg,"(22, 17, 14)","(182, 163, 107)","(129, 102, 45)","(52, 48, 34)",20.91068583596775,1886,208
209,1886_vase-with-myosotis-and-peonies-1886.jpg,"(68, 61, 52)","(210, 192, 136)","(36, 23, 22)","(110, 112, 88)",16.815008171204713,1886,209
210,1886_basket-of-carnations-and-zinnias-1886(1).jpg,"(80, 56, 29)","(31, 27, 15)","(228, 199, 135)","(199, 158, 60)",26.426289181546405,1886,210
211,1886_still-life-with-bloaters-1886-1.jpg,"(17, 12, 11)","(213, 178, 118)","(80, 46, 30)","(157, 108, 59)",23.113648224257123,1886,211
212,1886_the-mill-of-blute-end-1886.jpg,"(220, 224, 219)","(47, 34, 39)","(125, 87, 70)","(186, 194, 192)",14.144420126889827,1886,212
213,1886_plaster-statuette-of-a-female-torso-1886-5.jpg,"(110, 108, 79)","(63, 52, 27)","(149, 148, 119)","(92, 82, 49)",4.712067714338719,1886,213
214,1887_the-voyer-d-argenson-park-in-asnieres-1887.jpg,"(38, 57, 30)","(153, 177, 160)","(105, 116, 77)","(204, 225, 212)",10.023007334244985,1887,214
215,1887_vase-with-lilacs-daisies-and-anemones-1887.jpg,"(122, 148, 177)","(82, 53, 27)","(210, 173, 98)","(111, 109, 102)",34.59114913813211,1887,215
216,1887_entrance-to-the-voyer-d-argenson-park-at-asnieres-1887(1).jpg,"(61, 48, 29)","(214, 199, 157)","(110, 92, 60)","(165, 144, 93)",8.740637463892392,1887,216
217,1887_park-at-asnieres-in-spring-1887.jpg,"(37, 47, 19)","(201, 202, 119)","(86, 101, 45)","(156, 152, 59)",18.12570164993757,1887,217
218,1887_portrait-of-a-man-with-a-skull-cap.jpg,"(157, 96, 51)","(181, 175, 169)","(81, 97, 91)","(50, 61, 40)",25.2647511851023,1887,218
219,1887_lane-in-voyer-d-argenson-park-at-asnieres-1887.jpg,"(204, 194, 154)","(68, 50, 19)","(134, 108, 61)","(142, 149, 141)",15.40034646912432,1887,219
220,1887_self-portrait-with-gray-felt-hat-1887.jpg,"(93, 96, 79)","(125, 77, 52)","(81, 51, 30)","(145, 121, 94)",14.073570525300992,1887,220
221,1887_interior-of-a-restaurant-1887.jpg,"(155, 124, 73)","(236, 233, 212)","(93, 68, 31)","(194, 180, 141)",13.196219566313777,1887,221
222,1887_house-with-sunflowers-1887.jpg,"(125, 115, 83)","(42, 50, 31)","(212, 214, 199)","(192, 168, 119)",13.310988921774898,1887,222
223,1887_trees-in-a-field-on-a-sunny-day-1887.jpg,"(67, 48, 17)","(234, 192, 133)","(206, 146, 88)","(146, 100, 58)",12.040177226520312,1887,223
224,1887_pasture-in-bloom-1887.jpg,"(99, 98, 56)","(191, 177, 110)","(150, 137, 75)","(56, 60, 33)",11.926484133719049,1887,224
225,1887_fishing-in-the-spring-1887(1).jpg,"(159, 139, 50)","(187, 192, 175)","(70, 63, 31)","(115, 136, 128)",26.057751479378254,1887,225
226,1887_the-seine-with-the-pont-de-clichy-1887-1.jpg,"(187, 149, 67)","(220, 216, 187)","(147, 174, 182)","(77, 87, 53)",29.87186486803904,1887,226
227,1887_the-seine-with-the-pont-de-la-grande-jette-1887.jpg,"(107, 81, 69)","(225, 191, 190)","(162, 137, 138)","(47, 33, 26)",6.045106074229998,1887,227
228,1887_a-pair-of-shoes-1887-1(1).jpg,"(29, 32, 24)","(135, 117, 62)","(69, 64, 40)","(177, 156, 88)",19.53980363849003,1887,228
229,1887_the-boulevard-de-clichy-1887.jpg,"(155, 139, 100)","(42, 35, 22)","(89, 76, 51)","(129, 109, 71)",8.422873247517195,1887,229
230,1887_portrait-of-père-tanguy.jpg,"(134, 87, 39)","(67, 30, 10)","(194, 135, 57)","(94, 56, 24)",16.18408729212668,1887,230
231,1887_the-banks-of-the-seine-with-boats-1887.jpg,"(66, 79, 62)","(159, 168, 158)","(116, 127, 112)","(217, 206, 180)",7.19631796907809,1887,231
232,1887_undergrowth-1887.jpg,"(27, 14, 11)","(91, 99, 57)","(134, 144, 86)","(63, 50, 33)",19.08533236374998,1887,232
233,1887_the-restaurant-de-la-sirene-at-asnieres-1887.jpg,"(186, 163, 130)","(42, 51, 26)","(229, 213, 194)","(127, 116, 80)",10.10522007335188,1887,233
234,1887_bridges-across-the-seine-at-asnieres-1887(1).jpg,"(97, 125, 107)","(211, 200, 141)","(43, 50, 27)","(189, 143, 29)",32.36628947660821,1887,234
235,1887_self-portrait-with-straw-hat-1887.jpg,"(185, 156, 82)","(98, 59, 21)","(152, 118, 51)","(216, 187, 112)",9.89148871550877,1887,235
236,1887_self-portrait-with-a-japanese-print-1887.jpg,"(147, 127, 110)","(32, 20, 26)","(86, 57, 52)","(120, 93, 78)",9.633132357333018,1887,236
237,1887_italian-woman-agostina-segatori-1887.jpg,"(52, 60, 46)","(233, 178, 68)","(168, 89, 50)","(187, 181, 152)",38.02933605829014,1887,237
238,1887_nude-woman-reclining-seen-from-the-back-1887.jpg,"(228, 224, 212)","(74, 51, 45)","(175, 157, 139)","(127, 96, 81)",8.319117245318916,1887,238
239,1887_still-life-with-four-sunflowers-1887.jpg,"(198, 165, 94)","(129, 102, 62)","(162, 187, 208)","(49, 56, 47)",31.71380471925204,1887,239
240,1887_trees-and-undergrowth-1887-1.jpg,"(45, 28, 10)","(163, 172, 92)","(88, 76, 29)","(117, 120, 50)",19.15200431124612,1887,240
241,1887_still-life-with-grapes-1887.jpg,"(215, 179, 104)","(47, 25, 20)","(192, 144, 75)","(125, 87, 58)",22.317588682839983,1887,241
242,1887_vase-with-daisies-and-anemones-1887.jpg,"(218, 165, 53)","(87, 52, 25)","(125, 117, 55)","(147, 174, 144)",33.605583321280406,1887,242
243,1887_the-rispal-restaurant-at-asnieres-1887.jpg,"(153, 167, 190)","(61, 54, 35)","(170, 144, 98)","(205, 213, 216)",23.559482184133532,1887,243
244,1887_self-portrait-1887.jpg,"(193, 142, 51)","(67, 68, 65)","(128, 126, 113)","(215, 192, 134)",31.05613920969221,1887,244
245,1887_japonaiserie-oiran-after-kesai-eisen-1887.jpg,"(53, 48, 45)","(201, 171, 62)","(175, 182, 194)","(113, 96, 77)",34.285770952521176,1887,245
246,1887_vase-with-flowers-coffeepot-and-fruit-1887.jpg,"(123, 86, 62)","(221, 205, 172)","(25, 17, 12)","(182, 159, 124)",12.81914455062842,1887,246
247,1887_still-life-with-decanter-and-lemons-on-a-plate-1887.jpg,"(92, 89, 58)","(186, 153, 102)","(227, 216, 179)","(194, 82, 18)",31.690655848024374,1887,247
248,1887_wheat-field-with-a-lark-1887(1).jpg,"(195, 240, 165)","(87, 79, 17)","(186, 142, 30)","(141, 216, 179)",35.77997296410467,1887,248
249,1887_vase-with-daisies-1887.jpg,"(50, 13, 10)","(214, 196, 130)","(104, 74, 32)","(170, 151, 52)",26.70330025190439,1887,249
250,1887_a-woman-walking-in-garden-1887(1).jpg,"(144, 145, 91)","(83, 80, 45)","(194, 182, 118)","(117, 116, 69)",7.610621064469064,1887,250
251,1887_chestnut-tree-in-blossom-1887(1).jpg,"(124, 147, 90)","(18, 40, 23)","(63, 98, 59)","(181, 199, 139)",12.435272226483962,1887,251
252,1887_way-in-the-voyer-d-argenson-park-in-asnieres-1887.jpg,"(70, 66, 55)","(207, 206, 186)","(114, 114, 90)","(147, 153, 150)",7.2164311597812905,1887,252
253,1887_the-factory-at-asnieres-1887.jpg,"(157, 181, 140)","(109, 93, 57)","(54, 49, 29)","(155, 132, 77)",15.693233395626876,1887,253
254,1887_the-seine-bridge-at-asnieres-1887.jpg,"(63, 57, 28)","(173, 207, 213)","(106, 169, 196)","(124, 123, 63)",31.464839348885018,1887,254
255,1887_still-life-with-red-cabbages-and-onions-1887.jpg,"(204, 185, 182)","(134, 92, 75)","(192, 147, 108)","(50, 32, 26)",14.302681719381882,1887,255
256,1887_moored-boats-1887.jpg,"(83, 92, 101)","(59, 53, 42)","(172, 166, 165)","(122, 123, 128)",8.104130683869583,1887,256
257,1887_self-portrait-1887-9.jpg,"(149, 116, 75)","(36, 23, 17)","(217, 191, 129)","(85, 70, 49)",16.999220146027813,1887,257
258,1887_on-the-outskirts-of-paris-1887.jpg,"(130, 145, 80)","(105, 146, 203)","(224, 236, 177)","(74, 89, 32)",34.95699517149897,1887,258
259,1887_still-life-with-lemons-on-a-plate-1887.jpg,"(113, 142, 129)","(73, 54, 41)","(157, 127, 60)","(200, 194, 156)",23.92207167055116,1887,259
260,1887_factories-seen-from-a-hillside-in-moonlight-1887(1).jpg,"(125, 177, 134)","(67, 92, 67)","(154, 195, 148)","(95, 137, 97)",7.091408833067305,1887,260
261,1887_the-seine-with-a-rowing-boat-1887.jpg,"(94, 105, 92)","(212, 220, 188)","(143, 162, 158)","(61, 72, 58)",7.738356858641249,1887,261
262,1887_basket-of-sprouting-bulbs-1887(1).jpg,"(142, 132, 99)","(253, 253, 252)","(207, 197, 167)","(61, 61, 49)",10.955293226936755,1887,262
263,1887_vegetable-gardens-in-montmartre-1887-1.jpg,"(198, 199, 179)","(59, 68, 31)","(150, 130, 54)","(151, 172, 186)",28.820238713612422,1887,263
264,1887_suburbs-of-paris-1887.jpg,"(126, 137, 59)","(207, 219, 173)","(67, 82, 13)","(157, 190, 162)",17.367486408635617,1887,264
265,1887_factories-at-asnieres-seen-from-the-quai-de-clichy-1887(1).jpg,"(222, 215, 178)","(175, 149, 78)","(117, 69, 28)","(220, 184, 48)",30.27253098871778,1887,265
266,1887_path-in-the-woods-1887.jpg,"(71, 44, 16)","(156, 138, 57)","(110, 94, 44)","(141, 160, 131)",21.749719955227665,1887,266
267,1887_skull.jpg,"(140, 117, 77)","(215, 212, 182)","(222, 178, 88)","(45, 35, 25)",24.15196950313811,1887,267
268,1887_the-brothel-1887.jpg,"(103, 80, 59)","(230, 200, 151)","(44, 24, 18)","(171, 134, 92)",13.179512916711436,1887,268
269,1887_banks-of-the-seine-in-the-spring-1887(1).jpg,"(30, 26, 39)","(223, 204, 164)","(208, 162, 46)","(99, 80, 81)",39.070556766628556,1887,269
270,1887_still-life-vase-with-cornflowers-and-poppies-1887.jpg,"(53, 71, 64)","(194, 196, 158)","(35, 39, 25)","(74, 109, 114)",14.500598669139329,1887,270
271,1887_fritillaries-in-a-copper-vase-1887(1).jpg,"(63, 115, 129)","(191, 118, 63)","(184, 201, 179)","(55, 65, 51)",34.27277467525661,1887,271
272,1887_interior-of-a-restaurant-1887-1.jpg,"(197, 157, 110)","(225, 222, 200)","(84, 55, 48)","(158, 97, 68)",19.9950304304552,1887,272
273,1887_the-garden-with-sunflower-1887.jpg,"(49, 45, 39)","(143, 128, 110)","(92, 84, 71)","(193, 173, 160)",4.960845805129803,1887,273
274,1887_self-portrait-with-straw-hat-and-pipe-1887.jpg,"(55, 13, 11)","(104, 104, 96)","(96, 55, 39)","(173, 119, 59)",24.491005610561814,1887,274
275,1887_vegetable-gardens-in-montmartre-1887-2.jpg,"(70, 52, 15)","(141, 186, 173)","(218, 195, 124)","(143, 124, 62)",23.063530316271756,1887,275
276,1887_self-portrait-1887-1.jpg,"(169, 174, 159)","(69, 68, 78)","(143, 118, 86)","(110, 125, 149)",21.192037802673465,1887,276
277,1887_antique-3840752.jpg,"(163, 132, 103)","(221, 180, 50)","(206, 185, 157)","(93, 75, 51)",26.391558928871536,1887,277
278,1887_exterior-of-a-restaurant-at-asnieres-1887(1).jpg,"(131, 117, 66)","(224, 202, 140)","(65, 61, 28)","(188, 162, 97)",9.197009088723194,1887,278
279,1887_flowerpot-with-chives-1887(1).jpg,"(177, 143, 112)","(64, 54, 41)","(210, 202, 176)","(134, 94, 72)",11.184477378647431,1887,279
280,1887_trees-and-undergrowth-1887.jpg,"(119, 121, 54)","(46, 14, 10)","(91, 66, 35)","(193, 188, 49)",36.65279483547105,1887,280
281,1887_vegetable-gardens-in-montmartre-1887.jpg,"(226, 206, 154)","(67, 55, 30)","(166, 192, 188)","(133, 136, 111)",17.08074559617977,1887,281
282,1887_self-portrait-1887-5.jpg,"(118, 91, 53)","(204, 183, 153)","(159, 136, 100)","(65, 53, 26)",5.360107909595026,1887,282
283,1887_banks-of-the-seine-near-pont-de-clichy-1887(1).jpg,"(153, 142, 82)","(227, 228, 202)","(103, 98, 53)","(187, 183, 160)",13.192881525261038,1887,283
284,1887_absinthe-1887(1).jpg,"(146, 93, 37)","(222, 191, 140)","(90, 55, 15)","(185, 150, 87)",10.789013469600429,1887,284
285,1887_woman-sitting-by-a-cradle-1887.jpg,"(100, 69, 45)","(174, 161, 136)","(40, 21, 15)","(141, 125, 88)",11.550262759312462,1887,285
286,1887_avenue-in-voyer-d-argenson-park-at-asnieres-1887(1).jpg,"(135, 113, 88)","(86, 68, 49)","(44, 32, 24)","(186, 168, 144)",5.243912627871424,1887,286
287,1887_self-portrait-1887-7.jpg,"(119, 116, 90)","(84, 62, 49)","(25, 13, 16)","(182, 173, 117)",18.218041050359044,1887,287
288,1887_still-life-with-plaster-statuette-a-rose-and-two-novels-1887.jpg,"(204, 179, 114)","(72, 62, 46)","(55, 94, 133)","(218, 215, 201)",32.05328471867134,1887,288
289,1887_bathing-float-on-the-seine-at-asnieres-1887(1).jpg,"(110, 97, 93)","(237, 235, 218)","(50, 40, 41)","(190, 165, 142)",9.5004488723773,1887,289
290,1887_lilacs-1887.jpg,"(224, 93, 48)","(241, 202, 191)","(115, 76, 43)","(203, 146, 101)",29.765289431427195,1887,290
291,1887_self-portrait-with-straw-hat-1887-2.jpg,"(121, 85, 73)","(221, 163, 84)","(67, 26, 26)","(137, 132, 139)",29.176185015160982,1887,291
292,1887_still-life-with-a-basket-of-crocuses-1887.jpg,"(207, 177, 100)","(52, 30, 20)","(230, 209, 135)","(142, 102, 56)",19.981685910039868,1887,292
293,1887_roadway-with-underpass-the-viaduct-1887.jpg,"(133, 75, 41)","(232, 195, 121)","(59, 25, 13)","(196, 139, 75)",19.782230502046822,1887,293
294,1887_still-life-with-grapes-pears-and-lemons-1887.jpg,"(213, 137, 71)","(83, 35, 15)","(238, 174, 102)","(166, 93, 48)",15.15697292492012,1887,294
295,1887_self-portrait-with-straw-hat-1887-1.jpg,"(93, 99, 57)","(222, 181, 84)","(49, 44, 27)","(98, 127, 110)",28.972689909273303,1887,295
296,1887_self-portrait-with-pipe-and-glass-1887.jpg,"(67, 32, 15)","(99, 53, 30)","(196, 142, 65)","(139, 77, 42)",17.451647953508775,1887,296
297,1887_woman-in-the-cafe-tambourin-1887.jpg,"(127, 124, 94)","(35, 31, 19)","(182, 177, 148)","(92, 83, 54)",5.682501364190382,1887,297
298,1887_a-pair-of-shoes-1887(1).jpg,"(90, 90, 95)","(123, 154, 188)","(45, 43, 47)","(198, 140, 95)",28.829423677266586,1887,298
299,1887_skull-1.jpg,"(230, 224, 148)","(136, 121, 71)","(219, 181, 86)","(55, 53, 37)",23.922320416413225,1887,299
300,1887_portrait-of-alexander-reid-1887.jpg,"(165, 130, 71)","(217, 197, 126)","(58, 50, 31)","(123, 80, 43)",18.181272983168792,1887,300
301,1887_two-cut-sunflowers-1887.jpg,"(35, 23, 17)","(154, 127, 61)","(96, 88, 46)","(202, 172, 90)",22.679692712184366,1887,301
302,1887_man-with-spade-in-a-suburb-of-paris-1887.jpg,"(157, 185, 147)","(111, 127, 63)","(55, 69, 20)","(201, 222, 189)",11.707519475247794,1887,302
303,1887_the-allotments-at-montmartre-1887.jpg,"(73, 54, 50)","(189, 173, 144)","(135, 101, 84)","(170, 136, 111)",9.669007008067148,1887,303
304,1887_portrait-of-a-woman-1887.jpg,"(35, 16, 23)","(207, 167, 110)","(66, 37, 43)","(154, 107, 75)",22.678364477221,1887,304
305,1887_still-life-with-apples-pears-lemons-and-grapes-1887.jpg,"(211, 137, 31)","(145, 138, 103)","(204, 197, 151)","(86, 59, 20)",27.15968851778536,1887,305
306,1887_self-portrait-with-felt-hat.jpg,"(41, 51, 51)","(200, 196, 162)","(147, 134, 95)","(63, 84, 90)",17.978800008096105,1887,306
307,1887_the-banks-of-the-seine-1887.jpg,"(186, 131, 73)","(48, 31, 17)","(213, 188, 150)","(121, 79, 46)",16.56652887333008,1887,307
308,1887_self-portrait-1887-8.jpg,"(100, 50, 46)","(27, 9, 13)","(212, 188, 148)","(136, 111, 99)",16.94030647503151,1887,308
309,1887_portrait-of-a-man.jpg,"(182, 145, 77)","(50, 43, 32)","(121, 91, 53)","(206, 172, 102)",19.24835903862655,1887,309
310,1887_undergrowth-1887-1.jpg,"(126, 120, 63)","(194, 166, 69)","(82, 72, 51)","(174, 174, 133)",21.92894100893217,1887,310
311,1887_nude-woman-on-a-bed.jpg,"(253, 252, 250)","(175, 166, 153)","(137, 108, 95)","(230, 213, 185)",10.44403106045175,1887,311
312,1887_portrait-of-a-woman-madame-tanguy.jpg,"(90, 48, 38)","(186, 121, 88)","(124, 77, 59)","(44, 17, 15)",12.236021011791363,1887,312
313,1887_self-portrait-1887-6.jpg,"(206, 174, 83)","(113, 79, 36)","(39, 27, 12)","(168, 131, 58)",22.479928846477048,1887,313
314,1887_still-life-with-apples-1887.jpg,"(107, 83, 61)","(41, 21, 12)","(161, 106, 84)","(75, 56, 38)",10.260550811255742,1887,314
315,1887_still-life-with-bloaters-and-garlic-1887.jpg,"(64, 19, 17)","(117, 56, 30)","(151, 90, 46)","(178, 121, 73)",13.935948482737066,1887,315
316,1887_edge-of-a-wheatfield-with-poppies-1887(1).jpg,"(168, 124, 69)","(51, 95, 117)","(100, 141, 165)","(59, 68, 51)",33.18743909710687,1887,316
317,1887_walk-along-the-banks-of-the-seine-near-asnieres-1887.jpg,"(217, 192, 153)","(49, 36, 18)","(119, 140, 146)","(97, 97, 64)",17.595349279854446,1887,317
318,1887_self-portrait-1887-4.jpg,"(26, 22, 14)","(188, 136, 69)","(86, 71, 47)","(227, 184, 117)",24.16032207399033,1887,318
319,1887_view-from-vincent-s-room-in-the-rue-lepic-1887.jpg,"(214, 207, 218)","(65, 47, 55)","(112, 109, 132)","(166, 163, 180)",6.874982415436141,1887,319
320,1887_still-life-with-basket-of-apples-1887.jpg,"(211, 172, 70)","(98, 51, 29)","(207, 175, 131)","(177, 119, 47)",23.773142735981114,1887,320
321,1887_plaster-statuette-of-a-female-torso-1887.jpg,"(199, 162, 65)","(123, 124, 127)","(171, 186, 167)","(65, 54, 61)",32.867939173929834,1887,321
322,1887_still-life-with-basket-of-apples-to-lucien-pissarro-1887.jpg,"(230, 221, 158)","(105, 44, 13)","(169, 174, 120)","(184, 107, 35)",28.849699151477086,1887,322
323,1887_self-portrait-1887-2.jpg,"(210, 161, 100)","(62, 40, 43)","(27, 9, 12)","(161, 92, 65)",26.10429212281086,1887,323
324,1887_woman-sitting-in-the-grass-1887.jpg,"(108, 93, 45)","(179, 170, 129)","(196, 155, 56)","(51, 40, 17)",21.172508616007168,1887,324
325,1887_still-life-with-two-sunflowers-1887.jpg,"(174, 132, 72)","(42, 42, 27)","(208, 185, 122)","(116, 89, 49)",17.913868241483186,1887,325
326,1888_orchard-with-blossoming-apricot-trees-1888.jpg,"(64, 63, 42)","(156, 156, 130)","(206, 204, 170)","(112, 115, 79)",4.4761013166606345,1888,326
327,1888_the-rocks-with-oak-tree-1888.jpg,"(94, 93, 49)","(232, 243, 230)","(157, 168, 141)","(23, 21, 12)",13.092347951425408,1888,327
328,1888_the-smoker-peasant-1888.jpg,"(44, 41, 26)","(152, 164, 151)","(110, 88, 43)","(80, 107, 116)",20.729358230757356,1888,328
329,1888_self-portrait-as-an-artist-1888.jpg,"(76, 101, 141)","(204, 208, 186)","(51, 50, 56)","(164, 131, 85)",30.66863523661276,1888,329
330,1888_the-ballroom-at-arles-1888.jpg,"(29, 36, 32)","(193, 169, 64)","(191, 193, 132)","(85, 89, 67)",30.319122632720635,1888,330
331,1888_the-sower-sower-with-setting-sun-1888.jpg,"(113, 137, 162)","(211, 186, 48)","(144, 111, 54)","(65, 69, 67)",48.527410372663894,1888,331
332,1888_still-life-bottle-lemons-and-oranges-1888.jpg,"(147, 113, 67)","(171, 196, 143)","(62, 46, 20)","(234, 230, 162)",18.24033507082823,1888,332
333,1888_an-old-woman-of-arles-1888(1).jpg,"(74, 86, 108)","(217, 208, 153)","(26, 23, 28)","(198, 165, 84)",35.79399458124946,1888,333
334,1888_the-tarascon-diligence-1888.jpg,"(157, 168, 148)","(48, 64, 48)","(225, 226, 206)","(168, 144, 66)",20.186010447683007,1888,334
335,1888_antique-3937525-1.jpg,"(194, 181, 150)","(143, 144, 56)","(144, 144, 105)","(42, 69, 38)",20.38513816265838,1888,335
336,1888_portrait-of-eugene-boch-1888.jpg,"(41, 53, 71)","(55, 74, 102)","(202, 178, 108)","(176, 113, 61)",41.800080111028414,1888,336
337,1888_still-life-vase-with-five-sunflowers-1888.jpg,"(72, 62, 58)","(169, 108, 62)","(182, 137, 104)","(97, 59, 31)",17.808627962829977,1888,337
338,1888_peach-tree-in-bloom-in-memory-of-mauve-1888.jpg,"(185, 172, 172)","(66, 32, 30)","(123, 88, 80)","(116, 124, 147)",16.071997576090038,1888,338
339,1888_the-railway-bridge-over-avenue-montmajour-1888.jpg,"(218, 228, 188)","(105, 115, 83)","(176, 184, 136)","(41, 50, 35)",8.142989700859616,1888,339
340,1888_avenue-in-the-park-1888(1).jpg,"(159, 164, 74)","(28, 43, 21)","(78, 104, 50)","(140, 179, 180)",28.19915732131064,1888,340
341,1888_père-tanguy.jpg,"(65, 68, 67)","(96, 123, 147)","(202, 187, 166)","(191, 136, 84)",30.066846949986793,1888,341
342,1888_view-of-arles-with-trees-in-blossom-1888.jpg,"(50, 72, 39)","(153, 165, 114)","(96, 128, 73)","(202, 219, 184)",9.581030569976727,1888,342
343,1888_zouave-1888-1(1).jpg,"(124, 75, 55)","(243, 233, 194)","(211, 96, 74)","(39, 20, 19)",30.39943957463736,1888,343
344,1888_still-life-majolica-jug-with-wildflowers-1888.jpg,"(151, 143, 74)","(232, 203, 95)","(203, 202, 149)","(70, 70, 34)",19.53535773441318,1888,344
345,1888_spectators-in-the-arena-at-arles-1888.jpg,"(181, 194, 147)","(41, 47, 29)","(96, 118, 79)","(206, 171, 59)",27.2049354360562,1888,345
346,1888_apricot-trees-in-blossom-1888(1).jpg,"(218, 213, 169)","(136, 103, 71)","(74, 47, 30)","(188, 161, 107)",13.157899917998469,1888,346
347,1888_garden-behind-a-house-1888(1).jpg,"(209, 171, 73)","(48, 42, 20)","(124, 105, 55)","(161, 180, 125)",24.715237577486803,1888,347
348,1888_orchard-in-blossom-bordered-by-cypresses-1888-1.jpg,"(193, 183, 130)","(53, 62, 45)","(131, 191, 198)","(134, 126, 91)",22.393835429311437,1888,348
349,1888_sower-1888.jpg,"(59, 31, 15)","(212, 188, 38)","(119, 83, 48)","(188, 166, 129)",31.145806476114902,1888,349
350,1888_encampment-of-gypsies-with-caravans-1888(1).jpg,"(211, 182, 99)","(132, 116, 58)","(55, 49, 27)","(105, 172, 153)",29.64180828866509,1888,350
351,1888_zouave-1888(1).jpg,"(35, 37, 40)","(184, 107, 63)","(66, 97, 79)","(202, 195, 180)",30.677697050023127,1888,351
352,1888_street-in-saintes-maries-1888-2.jpg,"(231, 206, 66)","(141, 111, 44)","(67, 53, 20)","(203, 184, 157)",29.949367942007328,1888,352
353,1888_blossoming-almond-branch-in-a-glass-with-a-book-1888(1).jpg,"(224, 218, 213)","(82, 93, 95)","(245, 237, 164)","(147, 153, 141)",21.102687032013478,1888,353
354,1888_orchard-with-blossoming-plum-trees-1888.jpg,"(48, 54, 37)","(219, 227, 212)","(116, 115, 79)","(178, 176, 132)",9.988735258619478,1888,354
355,1888_vincent-s-bedroom-in-arles-1888.jpg,"(101, 61, 27)","(195, 135, 59)","(224, 219, 187)","(133, 150, 156)",32.81294411202087,1888,355
356,1888_a-lane-near-arles-1888(1).jpg,"(216, 189, 113)","(131, 186, 229)","(43, 35, 24)","(113, 129, 82)",39.21217193385449,1888,356
357,1888_l-arlesienne-portrait-of-madame-ginoux-1888-1.jpg,"(144, 112, 59)","(216, 190, 55)","(25, 38, 35)","(167, 192, 139)",39.243470487966334,1888,357
358,1888_summer-evening-wheatfield-with-setting-sun-1888.jpg,"(224, 190, 62)","(83, 68, 55)","(159, 186, 168)","(177, 117, 32)",42.48688432539189,1888,358
359,1888_the-old-mill-1888.jpg,"(71, 69, 44)","(221, 230, 207)","(212, 189, 103)","(158, 132, 69)",22.349069011914494,1888,359
360,1888_path-through-a-field-with-willows-1888.jpg,"(116, 155, 174)","(126, 80, 27)","(173, 132, 79)","(67, 48, 17)",30.68562397760698,1888,360
361,1888_a-mousme-1888(1).jpg,"(164, 101, 59)","(181, 217, 210)","(69, 90, 116)","(41, 44, 36)",32.88744282818876,1888,361
362,1888_self-portrait-dedicated-to-paul-gauguin-1888.jpg,"(119, 190, 135)","(38, 45, 27)","(211, 209, 132)","(117, 122, 66)",23.167465103712843,1888,362
363,1888_thistles-1888.jpg,"(28, 32, 21)","(173, 137, 107)","(224, 210, 171)","(100, 86, 67)",12.376416966585579,1888,363
364,1888_girl-with-ruffled-hair-the-mudlark-1888(1).jpg,"(178, 133, 70)","(69, 66, 71)","(142, 163, 157)","(227, 210, 137)",32.08529759842009,1888,364
365,1888_farmhouse-in-provence-1888(1).jpg,"(178, 206, 173)","(154, 115, 72)","(212, 164, 84)","(65, 43, 32)",28.23497770001104,1888,365
366,1888_portrait-of-camille-roulin-1888.jpg,"(61, 29, 15)","(188, 152, 68)","(249, 200, 71)","(159, 98, 46)",30.175788860439557,1888,366
367,1888_self-portrait-1888.jpg,"(139, 127, 34)","(158, 190, 76)","(218, 226, 116)","(61, 53, 10)",22.17909800486574,1888,367
368,1888_paul-gauguin-s-armchair-1888.jpg,"(65, 87, 52)","(45, 36, 21)","(150, 134, 77)","(101, 54, 31)",23.115097481445186,1888,368
369,1888_the-bridge-at-trinquetaille-1888.jpg,"(228, 226, 175)","(130, 104, 88)","(176, 159, 134)","(54, 42, 34)",12.639905008753212,1888,369
370,1888_peach-trees-in-blossom-1888.jpg,"(101, 160, 199)","(208, 219, 200)","(64, 64, 41)","(144, 146, 108)",24.223799468883303,1888,370
371,1888_still-life-french-novels-and-rose.jpg,"(158, 93, 60)","(196, 141, 92)","(82, 59, 41)","(225, 189, 135)",16.055883157853614,1888,371
372,1888_wheat-field-1888-1.jpg,"(204, 167, 84)","(75, 53, 33)","(158, 160, 167)","(165, 126, 63)",29.905093463718753,1888,372
373,1888_farmhouses-in-a-wheat-field-near-arles-1888(1).jpg,"(155, 121, 76)","(71, 67, 40)","(222, 234, 222)","(168, 207, 179)",20.14282254334213,1888,373
374,1888_still-life-with-blue-enamel-coffeepot-earthenware-and-fruit-1888.jpg,"(222, 205, 106)","(42, 25, 20)","(178, 187, 180)","(132, 109, 96)",28.01604331746619,1888,374
375,1888_portrait-of-the-artist-s-mother-1888.jpg,"(125, 103, 56)","(21, 10, 5)","(236, 191, 115)","(129, 180, 87)",35.549806998833766,1888,375
376,1888_a-pork-butcher-s-shop-seen-from-a-window-1888(1).jpg,"(98, 50, 31)","(214, 208, 203)","(122, 137, 148)","(211, 119, 67)",35.36421879119555,1888,376
377,1888_the-langlois-bridge-at-arles-with-women-washing-1888-1.jpg,"(49, 79, 73)","(208, 191, 108)","(99, 186, 219)","(151, 109, 44)",45.47120331562738,1888,377
378,1888_interior-of-a-restaurant-in-arles-1888.jpg,"(159, 124, 70)","(33, 20, 12)","(207, 185, 106)","(106, 75, 43)",21.287400692669017,1888,378
379,1888_orchard-in-blossom-bordered-by-cypresses-1888.jpg,"(67, 69, 39)","(137, 140, 95)","(179, 210, 216)","(200, 193, 124)",22.124178542186627,1888,379
380,1888_a-pair-of-shoes-1888(1).jpg,"(204, 157, 76)","(43, 29, 17)","(231, 191, 117)","(148, 98, 48)",21.578218786438317,1888,380
381,1888_postman-joseph-roulin-1888.jpg,"(56, 70, 113)","(186, 218, 233)","(37, 34, 45)","(187, 159, 116)",29.813764888964215,1888,381
382,1888_the-trinquetaille-bridge-1888.jpg,"(95, 133, 124)","(193, 221, 219)","(38, 65, 72)","(151, 180, 160)",9.117631161414485,1888,382
383,1888_starry-night-over-the-rhone.jpg,"(34, 77, 104)","(183, 206, 192)","(10, 29, 42)","(92, 131, 141)",14.303365486499642,1888,383
384,1888_arles-view-from-the-wheat-fields-1888(1).jpg,"(80, 46, 16)","(216, 143, 46)","(173, 101, 37)","(227, 182, 83)",23.139550978526884,1888,384
385,1888_fishing-boats-at-sea-1888-1(1).jpg,"(192, 205, 163)","(92, 107, 93)","(43, 55, 46)","(132, 150, 128)",8.835192880706732,1888,385
386,1888_harvest-at-la-crau-with-montmajour-in-the-background-1888.jpg,"(228, 178, 56)","(50, 43, 18)","(169, 197, 177)","(151, 107, 43)",36.73707968006151,1888,386
387,1888_landscape-with-snow-1888.jpg,"(114, 86, 98)","(212, 213, 219)","(58, 28, 45)","(151, 149, 160)",10.523440274356448,1888,387
388,1888_portrait-of-milliet-second-lieutnant-of-the-zouaves-1888.jpg,"(38, 36, 23)","(118, 186, 157)","(206, 166, 78)","(95, 121, 77)",32.54041583262871,1888,388
389,1888_orchard-in-blossom-1888.jpg,"(234, 228, 194)","(135, 117, 69)","(72, 48, 28)","(199, 167, 107)",13.965351989641933,1888,389
390,1888_the-schoolboy-camille-roulin-1888.jpg,"(77, 141, 119)","(179, 60, 29)","(34, 29, 20)","(96, 105, 61)",45.55644941824363,1888,390
391,1888_harvest-in-provence-1888(1).jpg,"(106, 129, 136)","(192, 136, 69)","(234, 196, 108)","(104, 73, 37)",33.49429572626975,1888,391
392,1888_green-ears-of-wheat-1888(1).jpg,"(35, 36, 21)","(228, 243, 244)","(113, 95, 60)","(164, 181, 174)",14.778416306015309,1888,392
393,1888_les-alyscamps-1888(2).jpg,"(194, 194, 177)","(42, 37, 34)","(214, 163, 77)","(138, 99, 67)",28.69846626209394,1888,393
394,1888_the-baby-marcelle-roulin-1888-1.jpg,"(198, 175, 83)","(172, 111, 31)","(221, 214, 139)","(153, 180, 56)",26.43011295424346,1888,394
395,1888_haystacks-in-provence-1888.jpg,"(84, 59, 23)","(241, 177, 40)","(190, 202, 196)","(197, 108, 22)",45.74159413871137,1888,395
396,1888_cafe-terrace-place-du-forum-arles-1888(1).jpg,"(60, 103, 166)","(181, 140, 67)","(41, 53, 53)","(178, 191, 187)",42.66909856115482,1888,396
397,1888_coal-barges-1888(1).jpg,"(223, 181, 44)","(47, 42, 22)","(136, 122, 57)","(199, 180, 106)",28.518607104246417,1888,397
398,1888_blossoming-almond-branch-in-a-glass-1888(1).jpg,"(174, 160, 129)","(211, 189, 91)","(214, 197, 179)","(133, 108, 79)",21.71990646749374,1888,398
399,1888_still-life-with-pears.jpg,"(43, 36, 16)","(107, 81, 37)","(197, 135, 32)","(129, 154, 122)",31.982945865756523,1888,399
400,1888_still-life-french-novels.jpg,"(112, 96, 34)","(180, 116, 20)","(226, 209, 159)","(186, 159, 99)",18.86030094927004,1888,400
401,1888_pear-tree-in-blossom-1888.jpg,"(166, 155, 109)","(64, 52, 33)","(140, 117, 71)","(207, 202, 151)",10.17285473042524,1888,401
402,1888_orchard-in-blossom-plum-trees-1888.jpg,"(118, 91, 57)","(153, 137, 126)","(191, 185, 175)","(64, 48, 25)",11.245667166286234,1888,402
403,1888_still-life-vase-with-fifteen-sunflowers-1888-1.jpg,"(198, 170, 48)","(152, 121, 26)","(79, 68, 13)","(238, 232, 130)",18.545839750186328,1888,403
404,1888_path-in-the-park-at-arles-1888.jpg,"(144, 126, 36)","(201, 214, 141)","(73, 68, 16)","(134, 183, 228)",41.08540835472354,1888,404
405,1888_the-novel-reader-1888-1.jpg,"(186, 173, 40)","(33, 36, 20)","(85, 108, 58)","(191, 201, 98)",32.90833528103809,1888,405
406,1888_avenue-of-plane-trees-near-arles-station-1888(1).jpg,"(97, 66, 24)","(147, 146, 157)","(189, 144, 53)","(226, 201, 155)",30.740531346424252,1888,406
407,1888_the-ploughed-field-1888.jpg,"(62, 63, 33)","(202, 193, 113)","(120, 166, 196)","(136, 124, 54)",34.59299186238989,1888,407
408,1888_view-of-arles-with-irises-in-the-foreground-1888.jpg,"(106, 108, 29)","(214, 152, 25)","(28, 43, 10)","(150, 173, 119)",32.3231505738493,1888,408
409,1888_portrait-of-patience-escalier-1888-1.jpg,"(100, 79, 54)","(75, 110, 119)","(239, 167, 67)","(28, 24, 15)",39.480051765996414,1888,409
410,1888_sower-1888-1.jpg,"(185, 160, 81)","(78, 69, 43)","(125, 163, 176)","(221, 219, 169)",29.75625046125283,1888,410
411,1888_the-yellow-house-1888.jpg,"(206, 198, 126)","(41, 72, 119)","(68, 64, 26)","(163, 145, 73)",38.41683382999061,1888,411
412,1888_portrait-of-postman-roulin-1888.jpg,"(136, 191, 232)","(9, 10, 7)","(193, 152, 68)","(77, 78, 45)",41.48844093592549,1888,412
413,1888_the-roubine-du-roi-canal-with-washerwomen-1888.jpg,"(94, 126, 121)","(40, 48, 23)","(188, 182, 89)","(82, 88, 62)",24.706524994663,1888,413
414,1888_farmhouse-in-a-wheat-field-1888-1(1).jpg,"(47, 48, 25)","(190, 202, 160)","(130, 132, 62)","(114, 165, 185)",28.020061560069646,1888,414
415,1888_the-green-vinyard-1888.jpg,"(177, 206, 210)","(38, 49, 43)","(105, 163, 229)","(114, 122, 81)",32.07206644117701,1888,415
416,1888_wheat-field-with-the-alpilles-foothills-in-the-background-1888.jpg,"(106, 112, 32)","(121, 180, 133)","(46, 45, 11)","(205, 178, 50)",32.74456409785186,1888,416
417,1888_flowering-garden-1888(1).jpg,"(182, 140, 34)","(169, 189, 153)","(43, 45, 18)","(103, 90, 29)",27.041082297359353,1888,417
418,1888_railway-carriages-1888.jpg,"(32, 22, 28)","(197, 180, 146)","(144, 147, 116)","(116, 82, 63)",17.06317852773817,1888,418
419,1888_alychamps-1888(1).jpg,"(54, 44, 15)","(165, 193, 158)","(227, 181, 85)","(144, 113, 47)",27.49534932232625,1888,419
420,1888_still-life-vase-with-zinnias-1888.jpg,"(124, 122, 89)","(14, 31, 28)","(198, 205, 159)","(68, 59, 47)",15.054360275101844,1888,420
421,1888_portrait-of-armand-roulin-1888.jpg,"(75, 111, 66)","(19, 14, 13)","(171, 146, 120)","(91, 133, 89)",23.110490222474862,1888,421
422,1888_the-langlois-bridge-at-arles-with-road-alongside-the-canal-1888.jpg,"(239, 213, 140)","(185, 135, 76)","(96, 80, 43)","(187, 204, 180)",22.174797698435928,1888,422
423,1888_the-park-at-arles-with-the-entrance-seen-through-the-trees-1888.jpg,"(88, 101, 100)","(129, 141, 139)","(50, 62, 64)","(193, 201, 197)",2.312968896228103,1888,423
424,1888_self-portrait-1888-1.jpg,"(209, 206, 169)","(76, 83, 56)","(218, 153, 52)","(110, 141, 115)",30.595641300289923,1888,424
425,1888_alychamps-autumn-1888(1).jpg,"(27, 38, 13)","(106, 117, 62)","(204, 182, 77)","(202, 216, 161)",21.56824439357163,1888,425
426,1888_portrait-of-père-tanguy-1888.jpg,"(38, 45, 50)","(218, 208, 181)","(96, 89, 75)","(185, 141, 77)",23.927556617980912,1888,426
427,1888_public-garden-with-couple-and-blue-fir-tree-the-poet-s-garden-iii-1888.jpg,"(75, 112, 78)","(220, 235, 188)","(16, 36, 25)","(141, 176, 132)",11.398139915519097,1888,427
428,1888_sower-with-setting-sun-1888-3.jpg,"(201, 155, 30)","(76, 72, 50)","(40, 36, 20)","(115, 117, 98)",28.683413793275662,1888,428
429,1888_self-portrait-1888-2.jpg,"(105, 70, 27)","(216, 169, 92)","(157, 109, 50)","(52, 31, 8)",16.070154828132676,1888,429
430,1888_the-langlois-bridge-1888.jpg,"(186, 135, 43)","(80, 70, 42)","(194, 208, 231)","(148, 172, 203)",42.161504144802805,1888,430
431,1888_snowy-landscape-with-arles-in-the-background-1888.jpg,"(55, 53, 43)","(176, 203, 206)","(230, 244, 244)","(122, 134, 128)",7.327249498463246,1888,431
432,1888_entrance-to-the-public-garden-in-arles-1888(1).jpg,"(206, 207, 128)","(75, 95, 57)","(15, 27, 15)","(127, 146, 99)",17.901864110857726,1888,432
433,1888_portrait-of-patience-escalier-shepherd-in-provence-1888.jpg,"(104, 60, 49)","(210, 159, 56)","(71, 80, 128)","(134, 168, 138)",52.159727658161266,1888,433
434,1888_orchard-in-blossom-1888-1.jpg,"(205, 196, 141)","(137, 138, 78)","(116, 174, 194)","(71, 67, 30)",26.038055627844415,1888,434
435,1888_portrait-of-madame-ginoux-l-arlesienne-1888.jpg,"(230, 231, 186)","(71, 92, 53)","(154, 162, 101)","(203, 207, 150)",8.357104552527069,1888,435
436,1888_view-of-saintes-maries-1888.jpg,"(107, 88, 70)","(187, 200, 174)","(62, 47, 33)","(151, 160, 138)",9.376713281201802,1888,436
437,1888_pollard-willows-and-setting-sun-1888.jpg,"(158, 104, 50)","(231, 186, 71)","(76, 47, 34)","(125, 140, 155)",41.84453413112506,1888,437
438,1888_portrait-of-madame-augustine-roulin-1888.jpg,"(48, 47, 42)","(214, 157, 82)","(130, 97, 65)","(227, 201, 128)",27.145962255153695,1888,438
439,1888_two-thistles-1888.jpg,"(39, 40, 18)","(195, 192, 154)","(163, 137, 72)","(102, 92, 45)",13.949146678637417,1888,439
440,1888_the-gleize-bridge-over-the-vigneyret-canal-1888.jpg,"(197, 137, 86)","(147, 138, 169)","(217, 214, 215)","(92, 63, 51)",29.542319689264854,1888,440
441,1888_orchard-with-peach-trees-in-blossom-1888.jpg,"(223, 230, 225)","(138, 122, 99)","(187, 183, 162)","(44, 53, 42)",9.122982432431401,1888,441
442,1888_garden-with-weeping-willow-1888(1).jpg,"(44, 65, 33)","(177, 173, 55)","(116, 131, 47)","(200, 214, 161)",23.86570126004655,1888,442
443,1888_still-life-with-basket-and-six-oranges-1888.jpg,"(223, 207, 148)","(212, 103, 47)","(136, 138, 118)","(203, 173, 104)",33.98231074558534,1888,443
444,1888_orchard-in-blossom-1888-2.jpg,"(51, 51, 26)","(194, 200, 177)","(162, 160, 98)","(105, 118, 56)",15.57131831083732,1888,444
445,1888_public-park-with-weeping-willow-the-poet-s-garden-i-1888.jpg,"(103, 130, 52)","(186, 203, 68)","(33, 53, 13)","(179, 198, 128)",21.921889269577843,1888,445
446,1888_the-night-cafe-1888.jpg,"(47, 40, 17)","(191, 159, 76)","(144, 94, 38)","(231, 217, 131)",22.42590202317594,1888,446
447,1888_wheat-fields-with-stacks-1888.jpg,"(39, 63, 27)","(153, 176, 217)","(213, 222, 233)","(95, 132, 180)",29.012448421479018,1888,447
448,1888_almond-tree-in-blossom-1888(1).jpg,"(140, 123, 90)","(174, 155, 131)","(106, 96, 43)","(61, 43, 28)",11.310722758987476,1888,448
449,1888_quay-with-men-unloading-sand-barges-1888-1.jpg,"(72, 113, 38)","(215, 209, 101)","(52, 57, 13)","(152, 150, 57)",20.32557275540857,1888,449
450,1888_garden-with-flowers-1888-1(1).jpg,"(51, 73, 49)","(200, 206, 150)","(105, 117, 75)","(183, 168, 100)",14.68714944282903,1888,450
451,1888_still-life-bowl-with-daisies-1888.jpg,"(65, 92, 71)","(24, 50, 40)","(162, 184, 141)","(102, 127, 94)",9.238811919883625,1888,451
452,1888_wheatfield-with-sheaves-1888.jpg,"(196, 138, 34)","(146, 95, 25)","(143, 187, 195)","(83, 59, 25)",40.75257137530807,1888,452
453,1888_seascape-at-saintes-maries-1888.jpg,"(208, 217, 209)","(118, 130, 115)","(65, 71, 49)","(157, 172, 186)",11.798772472663785,1888,453
454,1888_the-sower-outskirts-of-arles-in-the-background-1888.jpg,"(217, 194, 76)","(26, 31, 39)","(134, 157, 185)","(71, 80, 95)",39.47545169690222,1888,454
455,1888_the-lovers-the-poet-s-garden-iv-1888.jpg,"(63, 70, 59)","(147, 153, 145)","(188, 193, 187)","(100, 106, 96)",2.305034145216449,1888,455
456,1888_young-man-with-a-hat-1888.jpg,"(148, 159, 152)","(16, 16, 10)","(212, 169, 45)","(100, 93, 47)",36.436176627243924,1888,456
457,1888_sunny-lawn-in-a-public-park-1888.jpg,"(113, 135, 65)","(180, 179, 81)","(160, 206, 181)","(45, 45, 26)",28.05741433721786,1888,457
458,1888_mother-roulin-with-her-baby-1888-1.jpg,"(47, 63, 33)","(206, 210, 174)","(122, 130, 77)","(220, 177, 55)",27.889659538087653,1888,458
459,1888_a-pair-of-leather-clogs-1888(1).jpg,"(238, 218, 110)","(115, 101, 57)","(230, 175, 53)","(30, 27, 18)",36.266750323943945,1888,459
460,1888_still-life-vase-with-oleanders-1888.jpg,"(121, 98, 86)","(192, 174, 142)","(99, 128, 144)","(56, 62, 56)",18.926055517519096,1888,460
461,1888_paul-gauguin-man-in-a-red-beret-1888.jpg,"(96, 98, 49)","(35, 31, 10)","(159, 171, 82)","(221, 230, 123)",23.663588225539925,1888,461
462,1888_snowy-landscape-with-arles-in-the-background-1888-1.jpg,"(210, 220, 228)","(147, 121, 78)","(177, 175, 170)","(93, 61, 34)",21.106862339989835,1888,462
463,1888_the-baby-marcelle-roulin-1888.jpg,"(218, 228, 212)","(120, 163, 131)","(177, 194, 168)","(72, 68, 55)",11.580761062975627,1888,463
464,1888_coal-barges-1888-1(1).jpg,"(219, 165, 33)","(41, 31, 19)","(143, 121, 58)","(151, 129, 30)",32.82483060792557,1888,464
465,1888_ladies-of-arles-memories-of-the-garden-at-etten-1888.jpg,"(76, 100, 94)","(192, 115, 34)","(186, 204, 168)","(24, 30, 26)",35.844803552069145,1888,465
466,1888_still-life-potatoes-in-a-yellow-dish-1888.jpg,"(214, 197, 173)","(80, 64, 36)","(212, 182, 94)","(141, 131, 108)",18.55673442363076,1888,466
467,1889_sower-after-millet-1889(1).jpg,"(62, 56, 64)","(128, 129, 141)","(96, 91, 104)","(177, 176, 166)",7.602788329604677,1889,467
468,1889_olive-trees-against-a-slope-of-a-hill-1889.jpg,"(57, 44, 16)","(156, 137, 57)","(113, 91, 39)","(196, 190, 110)",15.988345691995695,1889,468
469,1889_the-ravine-of-the-peyroulets-1889.jpg,"(140, 148, 124)","(48, 38, 22)","(99, 95, 67)","(187, 194, 169)",6.337283627292622,1889,469
470,1889_portrait-of-a-patient-in-saint-paul-hospital-1889.jpg,"(28, 14, 5)","(218, 164, 87)","(164, 121, 60)","(89, 54, 23)",23.399208651967403,1889,470
471,1889_a-road-in-st-remy-with-female-figures-1889(1).jpg,"(37, 35, 12)","(200, 165, 75)","(193, 200, 158)","(125, 109, 47)",21.8654654191582,1889,471
472,1889_great-peacock-moth-1889(1).jpg,"(25, 20, 10)","(201, 168, 82)","(82, 70, 37)","(131, 118, 59)",23.505991168258642,1889,472
473,1889_avenue-with-flowering-chestnut-trees-at-arles-1889(1).jpg,"(205, 194, 125)","(28, 32, 27)","(130, 125, 93)","(76, 78, 57)",17.765410208063475,1889,473
474,1889_wheat-field-behind-saint-paul-hospital-with-a-reaper-1889.jpg,"(229, 186, 86)","(174, 91, 12)","(214, 137, 20)","(181, 153, 104)",26.739757977335277,1889,474
475,1889_study-of-pine-trees-1889(1).jpg,"(111, 72, 47)","(222, 188, 124)","(33, 21, 16)","(174, 125, 72)",20.63782825122318,1889,475
476,1889_self-portrait-1889-1.jpg,"(80, 102, 96)","(168, 183, 185)","(117, 145, 154)","(42, 37, 36)",9.061064715573115,1889,476
477,1889_the-walk-falling-leaves-1889.jpg,"(180, 141, 70)","(75, 50, 20)","(215, 207, 188)","(133, 101, 38)",19.57695770846477,1889,477
478,1889_crab-on-it-s-back-1889(1).jpg,"(186, 126, 23)","(116, 161, 32)","(73, 63, 14)","(232, 241, 200)",38.404849181102946,1889,478
479,1889_portrait-of-the-postman-joseph-roulin-1889.jpg,"(60, 59, 56)","(201, 173, 117)","(100, 107, 77)","(16, 16, 12)",18.966702977955773,1889,479
480,1889_ward-in-the-hospital-at-arles-1889.jpg,"(126, 139, 87)","(173, 121, 39)","(184, 199, 140)","(72, 62, 25)",21.82968490686315,1889,480
481,1889_adult-coloring-3840763.jpg,"(162, 115, 20)","(130, 140, 144)","(58, 58, 47)","(187, 185, 161)",30.552049238648454,1889,481
482,1889_wheat-field-with-reaper-and-sun-1889.jpg,"(152, 129, 39)","(183, 202, 122)","(66, 70, 46)","(214, 188, 70)",28.393603697952965,1889,482
483,1889_portrait-of-trabuc-an-attendant-at-saint-paul-hospital-1889.jpg,"(113, 102, 75)","(207, 202, 155)","(34, 25, 15)","(203, 161, 72)",23.99932388876338,1889,483
484,1889_olive-picking-1889-2.jpg,"(125, 114, 38)","(174, 162, 77)","(218, 209, 134)","(55, 47, 9)",11.719574994132495,1889,484
485,1889_the-green-wheatfield-behind-the-asylum-1889.jpg,"(80, 116, 80)","(196, 223, 184)","(35, 56, 45)","(132, 166, 121)",9.923471742473561,1889,485
486,1889_wheatfield-with-cypress-tree-1889.jpg,"(148, 174, 180)","(53, 78, 59)","(174, 140, 74)","(210, 217, 212)",26.718904612363378,1889,486
487,1889_mountains-at-saint-remy-with-dark-cottage-1889.jpg,"(112, 103, 54)","(149, 181, 139)","(25, 27, 19)","(222, 201, 89)",30.90046930478862,1889,487
488,1889_entrance-to-a-quarry-1889(1).jpg,"(220, 162, 73)","(22, 19, 9)","(71, 69, 32)","(138, 115, 50)",28.8031060439485,1889,488
489,1889_madame-roulin-rocking-the-cradle-a-lullaby-1889-1.jpg,"(220, 174, 113)","(31, 27, 22)","(176, 90, 66)","(87, 132, 63)",40.17453720146725,1889,489
490,1889_olive-grove-with-picking-figures-1889.jpg,"(234, 209, 68)","(72, 51, 37)","(128, 118, 78)","(191, 170, 123)",30.444428658678742,1889,490
491,1889_view-of-the-church-of-saint-paul-de-mausole-1889.jpg,"(171, 161, 82)","(52, 62, 44)","(105, 156, 176)","(201, 217, 169)",31.355405908583844,1889,491
492,1889_olive-trees-bright-blue-sky-1889.jpg,"(217, 220, 192)","(60, 57, 32)","(221, 214, 103)","(141, 140, 98)",22.460981214656286,1889,492
493,1889_sheep-shearers-the-after-millet-1889.jpg,"(116, 69, 41)","(175, 154, 156)","(56, 24, 15)","(179, 119, 56)",23.60429696376384,1889,493
494,1889_antique-3840759.jpg,"(84, 128, 141)","(157, 187, 161)","(34, 51, 74)","(129, 126, 70)",29.750627978960413,1889,494
495,1889_the-grounds-of-the-asylum-1889.jpg,"(47, 50, 32)","(200, 188, 114)","(106, 102, 63)","(103, 152, 180)",31.3337048986691,1889,495
496,1889_still-life-with-oranges-and-lemons-with-blue-gloves-1889.jpg,"(136, 90, 67)","(195, 189, 142)","(47, 40, 37)","(172, 154, 104)",19.573954174444324,1889,496
497,1889_wooden-sheds-1889.jpg,"(44, 30, 18)","(146, 164, 144)","(210, 120, 51)","(99, 90, 69)",31.16779197620983,1889,497
498,1889_the-shepherdess-after-millet-1889.jpg,"(115, 179, 214)","(137, 112, 53)","(51, 49, 47)","(181, 167, 97)",38.38477581887013,1889,498
499,1889_olive-picking-1889.jpg,"(174, 156, 61)","(88, 76, 13)","(231, 192, 104)","(128, 120, 32)",10.800466930724033,1889,499
500,1889_evening-the-watch-after-millet-1889(1).jpg,"(199, 186, 128)","(66, 55, 18)","(105, 98, 50)","(148, 138, 87)",4.213842978728659,1889,500
501,1889_self-portrait-1889-2.jpg,"(79, 54, 54)","(136, 129, 117)","(163, 116, 74)","(89, 88, 95)",20.61818578254882,1889,501
502,1889_the-spinner-after-millet-1889.jpg,"(222, 219, 148)","(118, 122, 75)","(145, 175, 115)","(44, 37, 35)",21.896368858150826,1889,502
503,1889_the-reaper-1889.jpg,"(212, 187, 76)","(226, 217, 140)","(76, 72, 33)","(158, 134, 50)",19.042857934642416,1889,503
504,1889_the-courtyard-of-the-hospital-in-arles-1889.jpg,"(36, 33, 40)","(194, 160, 58)","(177, 178, 147)","(111, 108, 69)",31.71645096227667,1889,504
505,1889_clumps-of-grass-1889(1).jpg,"(132, 156, 92)","(47, 61, 19)","(201, 209, 163)","(90, 117, 48)",10.043577295048356,1889,505
506,1889_cypresses-with-two-women-1889(1).jpg,"(32, 31, 20)","(187, 201, 211)","(80, 79, 48)","(137, 136, 100)",15.144696547583093,1889,506
507,1889_self-portrait-with-bandaged-ear-1889-1.jpg,"(115, 61, 45)","(32, 36, 28)","(216, 187, 120)","(209, 109, 58)",35.032829984471725,1889,507
508,1889_trees-in-the-asylum-garden-1889.jpg,"(169, 104, 31)","(71, 53, 28)","(216, 195, 134)","(86, 117, 106)",31.972512537775742,1889,508
509,1889_olive-grove-orange-sky-1889.jpg,"(168, 128, 79)","(50, 53, 51)","(184, 201, 151)","(94, 110, 127)",29.802514378288006,1889,509
510,1889_enclosed-field-with-ploughman-1889-1(1).jpg,"(95, 76, 54)","(167, 142, 83)","(203, 213, 171)","(46, 34, 23)",17.178309299855826,1889,510
511,1889_landscape-with-house-and-ploughman-1889(2).jpg,"(40, 34, 17)","(129, 111, 90)","(202, 175, 134)","(170, 107, 18)",24.869605510350638,1889,511
512,1889_the-starry-night.jpg,"(23, 29, 34)","(93, 120, 152)","(163, 174, 155)","(51, 69, 109)",21.069719174024502,1889,512
513,1889_self-portrait-with-bandaged-ear-1889.jpg,"(160, 168, 125)","(26, 38, 27)","(223, 228, 181)","(88, 105, 85)",10.655593257892782,1889,513
514,1889_the-garden-of-saint-paul-hospital-with-figure-1889.jpg,"(83, 51, 17)","(196, 152, 54)","(148, 104, 30)","(210, 199, 110)",20.420490893398817,1889,514
515,1889_the-garden-of-st-paul-s-hospital-at-st-remy-1889.jpg,"(106, 99, 66)","(204, 214, 188)","(43, 52, 36)","(154, 163, 119)",9.450354342618299,1889,515
516,1889_olive-grove-1889-1.jpg,"(53, 51, 40)","(211, 223, 210)","(148, 166, 166)","(126, 108, 80)",12.250843742856722,1889,516
517,1889_vincent-willem-van-gogh-102-1.jpg,"(122, 129, 118)","(88, 62, 65)","(163, 162, 141)","(164, 119, 78)",20.23234359179217,1889,517
518,1889_two-crabs-1889.jpg,"(85, 45, 27)","(49, 101, 71)","(174, 133, 94)","(80, 132, 106)",29.11331831190957,1889,518
519,1889_large-plane-trees-1889.jpg,"(181, 150, 103)","(50, 35, 27)","(218, 203, 170)","(130, 96, 66)",13.041408588447085,1889,519
520,1889_the-reaper-after-millet-1889.jpg,"(43, 92, 183)","(212, 177, 62)","(70, 63, 19)","(143, 134, 31)",62.89702437572405,1889,520
521,1889_portrait-of-the-postman-joseph-roulin-1889-1.jpg,"(74, 88, 43)","(26, 25, 17)","(131, 141, 63)","(205, 201, 132)",21.02288892143181,1889,521
522,1889_wheat-field-with-cypresses-at-the-haude-galline-near-eygalieres-1889-2.jpg,"(131, 166, 168)","(203, 205, 188)","(179, 152, 57)","(56, 70, 41)",31.023141012131827,1889,522
523,1889_the-garden-of-saint-paul-hospital-1889.jpg,"(14, 18, 11)","(182, 143, 76)","(156, 107, 58)","(84, 73, 44)",24.230438380525342,1889,523
524,1889_rosebush-in-blossom-1889.jpg,"(154, 135, 88)","(38, 23, 15)","(215, 196, 167)","(101, 78, 49)",11.486915966290182,1889,524
525,1889_olive-trees-with-yellow-sky-and-sun-1889.jpg,"(237, 216, 118)","(82, 59, 36)","(182, 121, 49)","(133, 150, 131)",33.14518185253661,1889,525
526,1889_self-portrait-1889-3.jpg,"(122, 129, 118)","(88, 62, 65)","(163, 162, 141)","(164, 119, 78)",20.23234359179217,1889,526
527,1889_undergrowth-with-ivy-1889.jpg,"(75, 73, 40)","(110, 116, 59)","(161, 178, 85)","(45, 41, 22)",20.449432988623233,1889,527
528,1889_2017-nyr-15004-0028a-000-vincent-van-gogh-laboureur-dans-un-champ.jpg,"(68, 73, 78)","(174, 158, 100)","(176, 182, 164)","(113, 119, 119)",19.885961348651207,1889,528
529,1889_olive-grove-pale-blue-sky-1889.jpg,"(190, 151, 68)","(47, 50, 11)","(205, 212, 175)","(125, 95, 44)",20.19968979183878,1889,529
530,1889_landscape-with-trees-and-figures-1889.jpg,"(118, 94, 46)","(185, 166, 70)","(41, 43, 22)","(179, 187, 172)",25.939905578000516,1889,530
531,1889_a-field-of-yellow-flowers-1889(1).jpg,"(210, 186, 81)","(88, 59, 10)","(151, 130, 24)","(202, 174, 34)",19.04473094565334,1889,531
532,1889_les-alpilles-mountain-landscape-near-south-reme-1889.jpg,"(86, 111, 114)","(212, 216, 204)","(171, 155, 119)","(62, 66, 57)",13.711974633540528,1889,532
533,1889_pine-trees-against-a-red-sky-with-setting-sun-1889.jpg,"(185, 186, 114)","(26, 30, 13)","(212, 177, 50)","(92, 96, 47)",29.951749158658185,1889,533
534,1889_self-portrait-with-pallette-1889.jpg,"(148, 138, 73)","(22, 48, 74)","(69, 105, 140)","(189, 204, 182)",34.78730893850078,1889,534
535,1889_mount-gaussier-with-the-mas-de-saint-paul-1889.jpg,"(103, 128, 83)","(49, 61, 44)","(193, 137, 66)","(215, 207, 137)",27.858905100837116,1889,535
536,1889_pieta-1889.jpg,"(207, 165, 73)","(131, 108, 59)","(68, 42, 29)","(162, 148, 106)",22.00372162930208,1889,536
537,1889_antique-3937518.jpg,"(208, 160, 37)","(138, 70, 53)","(220, 200, 164)","(166, 153, 130)",33.887497194596,1889,537
538,1889_peach-trees-in-blossom-1889.jpg,"(208, 221, 204)","(53, 34, 29)","(127, 101, 61)","(154, 165, 150)",16.321896747098194,1889,538
539,1889_van-gogh-s-chair-1889.jpg,"(146, 208, 195)","(71, 142, 133)","(100, 83, 33)","(180, 160, 60)",36.6806217952804,1889,539
540,1889_portrait-of-madame-trabuc-1889.jpg,"(169, 146, 84)","(72, 85, 43)","(202, 176, 123)","(20, 24, 8)",18.402465519653017,1889,540
541,1889_portrait-of-a-young-peasant-1889.jpg,"(129, 99, 65)","(188, 140, 101)","(233, 190, 167)","(38, 26, 17)",12.54182953666686,1889,541
542,1889_olive-picking-1889-1.jpg,"(166, 173, 96)","(43, 42, 20)","(227, 232, 166)","(96, 105, 57)",14.232125658905657,1889,542
543,1889_the-gully-peiroulets-1889-1.jpg,"(32, 39, 19)","(125, 155, 125)","(168, 202, 204)","(85, 100, 67)",13.170932044065408,1889,543
544,1889_lilac-bush-1889.jpg,"(38, 51, 35)","(151, 163, 96)","(209, 223, 169)","(79, 99, 90)",18.491413834042362,1889,544
545,1889_the-entrance-hall-of-saint-paul-hospital-1889.jpg,"(202, 139, 47)","(76, 54, 26)","(223, 210, 179)","(125, 138, 98)",27.01492450697668,1889,545
546,1889_two-poplars-on-a-hill-1889.jpg,"(165, 123, 66)","(58, 48, 46)","(205, 178, 142)","(115, 121, 167)",34.68141483939166,1889,546
547,1889_still-life-vase-with-fourteen-sunflowers-1889.jpg,"(226, 223, 138)","(207, 172, 66)","(59, 65, 28)","(165, 123, 41)",23.522012204034855,1889,547
548,1889_wheat-field-behind-saint-paul-hospital-with-a-reaper-1889-1.jpg,"(57, 58, 28)","(216, 215, 205)","(116, 117, 55)","(155, 156, 123)",15.139754609287598,1889,548
549,1889_field-of-spring-wheat-at-sunrise-1889(1).jpg,"(120, 131, 122)","(93, 100, 40)","(34, 36, 15)","(186, 162, 43)",32.36810689134651,1889,549
550,1889_self-portrait-1889.jpg,"(57, 105, 132)","(30, 25, 30)","(179, 108, 60)","(49, 69, 78)",35.02170981304035,1889,550
551,1889_the-gully-peiroulets-1889.jpg,"(151, 162, 123)","(115, 107, 57)","(61, 64, 28)","(191, 150, 60)",19.780258032514293,1889,551
552,1889_still-life-vase-with-twelve-sunflowers.jpg,"(150, 105, 32)","(132, 213, 214)","(232, 162, 53)","(55, 52, 19)",46.30214772190369,1889,552
553,1889_enclosed-field-with-peasant-1889(1).jpg,"(50, 69, 49)","(83, 148, 194)","(202, 211, 176)","(132, 144, 103)",26.700029124385754,1889,553
554,1889_still-life-vase-with-twelve-sunflowers-1.jpg,"(214, 158, 50)","(159, 186, 151)","(99, 98, 46)","(190, 102, 35)",38.58412326193497,1889,554
555,1889_evening-the-end-of-the-day-after-millet-1889(1).jpg,"(207, 183, 74)","(148, 132, 53)","(92, 82, 34)","(37, 33, 10)",23.59140378509431,1889,555
556,1889_wheat-field-in-rain-1889.jpg,"(98, 111, 88)","(217, 218, 207)","(53, 64, 41)","(150, 158, 140)",5.95877594336164,1889,556
557,1889_the-iris-1889.jpg,"(186, 207, 133)","(37, 65, 20)","(131, 173, 76)","(79, 137, 46)",16.26125379802858,1889,557
558,1889_olive-grove-bright-blue-sky-1889-1.jpg,"(121, 93, 38)","(193, 188, 114)","(164, 138, 68)","(55, 39, 12)",15.080364779600174,1889,558
559,1889_peasant-woman-binding-sheaves-after-millet-1889.jpg,"(167, 190, 171)","(121, 120, 52)","(190, 174, 66)","(42, 57, 35)",28.594709501976634,1889,559
560,1889_29hidden-1-superjumbo.jpg,"(38, 52, 40)","(171, 175, 149)","(95, 115, 93)","(229, 226, 208)",7.1061692158483005,1889,560
561,1889_olive-grove-1889.jpg,"(112, 140, 85)","(206, 207, 144)","(39, 63, 37)","(125, 161, 187)",28.47089874703504,1889,561
562,1889_two-diggers-among-trees-1889.jpg,"(185, 205, 166)","(104, 109, 67)","(45, 50, 33)","(158, 156, 97)",12.587400817219711,1889,562
563,1889_mulberry-tree-1889.jpg,"(170, 122, 59)","(218, 193, 136)","(76, 46, 33)","(90, 102, 164)",42.58336626198558,1889,563
564,1889_the-man-is-at-sea-after-demont-breton-1889.jpg,"(46, 24, 40)","(195, 160, 144)","(160, 81, 54)","(84, 79, 125)",33.73769437144012,1889,564
565,1889_olive-grove-bright-blue-sky-1889.jpg,"(192, 218, 162)","(132, 163, 87)","(61, 67, 47)","(115, 162, 180)",29.612290355001193,1889,565
566,1889_entrance-to-a-quarry-near-saint-remy-1889(1).jpg,"(96, 107, 76)","(31, 44, 23)","(153, 164, 132)","(218, 225, 189)",2.950654528701028,1889,566
567,1889_trunks-of-trees-with-ivy-1889.jpg,"(42, 37, 17)","(134, 146, 75)","(83, 91, 48)","(197, 205, 108)",20.814255632005885,1889,567
568,1889_field-and-ploughman-and-mill-1889(1).jpg,"(209, 219, 182)","(65, 37, 13)","(192, 157, 62)","(130, 102, 45)",24.77797830566458,1889,568
569,1889_vincent-s-bedroom-in-arles-1889.jpg,"(152, 127, 93)","(191, 98, 4)","(67, 50, 30)","(199, 205, 188)",33.03243923927179,1889,569
570,1889_wheatfield-with-mountains-in-the-background-1889.jpg,"(156, 179, 175)","(51, 81, 79)","(114, 137, 106)","(223, 230, 233)",12.204335740022502,1889,570
571,1889_at-the-foot-of-the-mountains-1889(1).jpg,"(145, 127, 68)","(203, 201, 160)","(132, 186, 181)","(85, 74, 39)",21.91284918168364,1889,571
572,1889_madame-augustine-roulin-1889.jpg,"(159, 153, 95)","(14, 17, 10)","(55, 90, 47)","(157, 82, 44)",34.331236730265935,1889,572
573,1889_two-white-butterflies-1889.jpg,"(55, 84, 23)","(23, 41, 8)","(137, 150, 64)","(93, 119, 36)",15.727608301499428,1889,573
574,1889_evening-landscape-with-rising-moon-1889(1).jpg,"(154, 108, 28)","(180, 171, 76)","(89, 139, 110)","(77, 64, 20)",31.5123059796331,1889,574
575,1889_pine-trees-with-figure-in-the-garden-of-saint-paul-hospital-1889.jpg,"(122, 99, 41)","(128, 135, 149)","(191, 160, 76)","(60, 50, 17)",30.060829689303137,1889,575
576,1889_antique-3840760.jpg,"(52, 62, 71)","(154, 136, 47)","(184, 167, 96)","(29, 26, 25)",34.01272720611475,1889,576
577,1889_the-stone-bench-in-the-garden-at-saint-paul-hospital-1889.jpg,"(37, 17, 7)","(189, 136, 45)","(145, 70, 23)","(213, 186, 116)",30.693249951627134,1889,577
578,1889_portrait-of-dr-felix-rey-1889.jpg,"(57, 51, 41)","(189, 169, 80)","(20, 15, 12)","(94, 87, 64)",24.246672161516724,1889,578
579,1889_head-of-an-angel-after-rembrandt-1889.jpg,"(64, 74, 120)","(108, 173, 223)","(175, 212, 225)","(59, 118, 196)",23.63571385023087,1889,579
580,1889_still-life-with-drawing-board-pipe-onions-and-sealing-wax-1889.jpg,"(193, 137, 44)","(59, 40, 20)","(124, 130, 112)","(214, 204, 138)",29.76545543768854,1889,580
581,1889_orchard-in-bloom-with-poplars-1889.jpg,"(171, 156, 134)","(60, 38, 25)","(238, 228, 211)","(123, 102, 68)",8.772223530683062,1889,581
582,1889_two-cypresses-1889.jpg,"(93, 87, 47)","(28, 25, 11)","(211, 209, 165)","(152, 155, 107)",10.113836068842193,1889,582
583,1889_green-wheat-field-with-cypress-1889-1(1).jpg,"(179, 187, 104)","(115, 140, 86)","(171, 197, 216)","(51, 73, 53)",30.551319438751033,1889,583
584,1889_madame-roulin-rocking-the-cradle-a-lullaby-1889-2.jpg,"(196, 130, 68)","(87, 117, 77)","(182, 207, 186)","(44, 61, 46)",28.300508370776722,1889,584
585,1889_reaper-with-sickle-after-millet-1889.jpg,"(115, 100, 64)","(198, 164, 89)","(44, 34, 24)","(101, 137, 146)",29.756705869499058,1889,585
586,1889_enclosed-field-with-rising-sun-1889(1).jpg,"(70, 53, 30)","(203, 185, 63)","(181, 171, 143)","(120, 111, 64)",25.98840063246924,1889,586
587,1889_a-meadow-in-the-mountains-1889(1).jpg,"(86, 85, 35)","(153, 156, 154)","(218, 205, 59)","(149, 142, 41)",38.72856558555863,1889,587
588,1889_the-alpilles-with-olive-trees-in-the-foreground-1889.jpg,"(204, 223, 205)","(81, 108, 89)","(136, 164, 151)","(19, 37, 31)",4.892561191058021,1889,588
589,1889_field-with-poppies-1889(1).jpg,"(79, 109, 90)","(147, 158, 125)","(31, 60, 57)","(196, 207, 198)",11.571251556188136,1889,589
590,1889_peasant-woman-with-a-rake-after-millet-1889.jpg,"(222, 226, 165)","(133, 163, 126)","(78, 102, 69)","(152, 206, 224)",22.769331812490375,1889,590
591,1890_wheat-field-with-cornflowers-1890.jpg,"(174, 187, 159)","(46, 39, 11)","(203, 154, 53)","(108, 113, 48)",28.458786620658817,1890,591
592,1890_still-life-pink-roses-1890.jpg,"(122, 156, 94)","(209, 205, 187)","(28, 50, 15)","(74, 117, 41)",21.190401661358468,1890,592
593,1890_roses-and-beetle-1890.jpg,"(125, 128, 60)","(23, 14, 8)","(207, 194, 83)","(61, 61, 34)",30.706889366735854,1890,593
594,1890_landscape-in-the-rain-1890.jpg,"(64, 61, 79)","(175, 134, 71)","(198, 182, 177)","(99, 118, 184)",40.97582659439507,1890,594
595,1890_landscape-with-three-trees-and-a-house-1890.jpg,"(44, 42, 8)","(96, 101, 43)","(126, 135, 69)","(187, 177, 94)",13.236953350932778,1890,595
596,1890_the-woodcutter-after-millet-1890.jpg,"(87, 66, 22)","(178, 152, 113)","(25, 20, 4)","(132, 113, 66)",12.124927576408824,1890,596
597,1890_the-fields-1890.jpg,"(155, 126, 43)","(97, 115, 138)","(68, 61, 43)","(216, 186, 70)",43.5757133516972,1890,597
598,1890_thatched-cottages-in-chaponval-auvers-sur-oise-1890.jpg,"(166, 178, 118)","(215, 243, 215)","(37, 63, 29)","(103, 119, 69)",11.086773893959348,1890,598
599,1890_undergrowth-with-two-figures-1890.jpg,"(106, 125, 83)","(187, 196, 165)","(39, 57, 40)","(180, 176, 89)",19.884438206852963,1890,599
600,1890_haystack-under-a-rainy-sky-1890(1).jpg,"(40, 47, 18)","(167, 199, 187)","(124, 115, 32)","(55, 96, 111)",31.58159922106916,1890,600
601,1890_chestnut-trees-in-blossom-1890(1).jpg,"(27, 44, 33)","(136, 159, 117)","(77, 100, 79)","(210, 217, 166)",12.268106660675713,1890,601
602,1890_wild-flowers-and-thistles-in-a-vase-1890.jpg,"(211, 193, 156)","(31, 28, 18)","(90, 91, 62)","(131, 145, 112)",10.74212458505805,1890,602
603,1890_vineyards-with-a-view-of-auvers-1890.jpg,"(97, 119, 56)","(35, 45, 17)","(157, 176, 87)","(209, 222, 203)",21.683496016346368,1890,603
604,1890_village-street-and-steps-in-auvers-with-two-figures-1890.jpg,"(191, 181, 141)","(54, 40, 21)","(175, 141, 75)","(124, 98, 53)",14.8214427252322,1890,604
605,1890_the-house-of-pere-eloi-1890.jpg,"(155, 170, 211)","(199, 161, 95)","(122, 91, 54)","(240, 226, 180)",33.16805041727817,1890,605
606,1890_l-arlesienne-portrait-of-madame-ginoux-1890-1.jpg,"(36, 53, 59)","(187, 170, 163)","(124, 142, 114)","(209, 204, 206)",14.831144175352692,1890,606
607,1890_view-of-auvers-with-church-1890.jpg,"(207, 202, 196)","(47, 39, 22)","(241, 184, 82)","(136, 117, 117)",30.866746638253858,1890,607
608,1890_meadow-in-the-garden-of-saint-paul-hospital-1890.jpg,"(30, 30, 6)","(223, 216, 142)","(114, 113, 23)","(183, 168, 62)",22.472154604459803,1890,608
609,1890_tree-roots-1890.jpg,"(51, 55, 44)","(204, 193, 147)","(163, 136, 73)","(75, 108, 145)",34.00658502910179,1890,609
610,1890_prisoners-exercising-prisoners-round-1890.jpg,"(165, 177, 111)","(31, 48, 20)","(228, 237, 173)","(99, 115, 64)",9.226543699379883,1890,610
611,1890_houses-in-auvers-2-1890.jpg,"(103, 101, 39)","(52, 38, 14)","(189, 148, 50)","(145, 170, 174)",34.71945118788349,1890,611
612,1890_farmhouse-with-two-figures-1890(1).jpg,"(154, 152, 90)","(98, 103, 48)","(209, 205, 181)","(41, 43, 17)",13.383166342907112,1890,612
613,1890_wild-roses-1890.jpg,"(91, 111, 59)","(43, 49, 20)","(202, 201, 152)","(155, 151, 65)",16.143031506163926,1890,613
614,1890_field-with-poppies-1890(1).jpg,"(111, 127, 73)","(140, 59, 27)","(169, 191, 194)","(55, 45, 18)",35.869930948688726,1890,614
615,1890_white-house-at-night.jpg,"(163, 139, 84)","(35, 44, 38)","(97, 133, 146)","(206, 192, 151)",25.881184433386732,1890,615
616,1890_the-plough-and-the-harrow-after-millet-1890.jpg,"(175, 188, 144)","(120, 129, 82)","(39, 42, 16)","(221, 232, 207)",8.51713848271425,1890,616
617,1890_wheatfields-1890.jpg,"(134, 141, 87)","(202, 202, 140)","(52, 84, 58)","(119, 166, 176)",24.071701247975295,1890,617
618,1890_still-life-vase-with-rose-mallows-1890(1).jpg,"(109, 82, 47)","(179, 132, 69)","(41, 31, 18)","(234, 184, 112)",19.59394532969414,1890,618
619,1890_cottages-reminiscence-of-the-north-1890(1).jpg,"(98, 83, 49)","(204, 183, 123)","(160, 134, 86)","(32, 24, 10)",13.700243551937739,1890,619
620,1890_young-man-with-cornflower-1890.jpg,"(43, 28, 12)","(215, 184, 102)","(119, 92, 52)","(184, 138, 69)",20.50823948461712,1890,620
621,1890_street-in-auvers-sur-oise-1890.jpg,"(214, 219, 212)","(55, 65, 43)","(83, 120, 169)","(169, 114, 57)",39.58474345754729,1890,621
622,1890_mademoiselle-gachet-in-her-garden-at-auvers-sur-oise-1890.jpg,"(91, 96, 41)","(179, 195, 215)","(49, 50, 21)","(139, 136, 77)",24.70385478285463,1890,622
623,1890_daubigny-s-garden-1890-2(1).jpg,"(33, 52, 42)","(143, 157, 123)","(82, 106, 79)","(202, 211, 183)",7.935694310668654,1890,623
624,1890_road-with-cypresses-1890.jpg,"(101, 134, 149)","(39, 51, 50)","(192, 209, 194)","(170, 141, 70)",28.369815090914955,1890,624
625,1890_a-vase-of-roses-1890(1).jpg,"(117, 140, 77)","(198, 182, 140)","(37, 37, 17)","(241, 231, 198)",14.53639895247543,1890,625
626,1890_village-street-and-steps-in-auvers-with-figures-1890.jpg,"(29, 30, 18)","(164, 167, 78)","(198, 208, 168)","(98, 112, 57)",21.546734498454256,1890,626
627,1890_cypresses-and-two-women-1890(1).jpg,"(37, 22, 16)","(139, 147, 121)","(95, 78, 54)","(182, 207, 181)",13.768768223420281,1890,627
628,1890_thatched-cottages-in-the-sunshine-reminiscence-of-the-north-1890.jpg,"(129, 98, 51)","(204, 164, 95)","(41, 29, 14)","(244, 216, 158)",15.832090143444512,1890,628
629,1890_the-raising-of-lazarus-after-rembrandt-1890.jpg,"(193, 184, 125)","(148, 132, 72)","(68, 45, 21)","(220, 209, 86)",23.846733311535246,1890,629
630,1890_houses-with-thatched-roofs-cordeville-1890.jpg,"(174, 168, 162)","(26, 21, 15)","(87, 102, 169)","(126, 107, 63)",33.379148101350886,1890,630
631,1890_the-good-samaritan-after-delacroix-1890.jpg,"(114, 93, 49)","(172, 164, 110)","(185, 128, 46)","(58, 35, 13)",20.948492559112605,1890,631
632,1890_still-life-glass-with-carnations-1890.jpg,"(203, 207, 159)","(29, 48, 22)","(178, 180, 89)","(80, 117, 92)",20.715281401199785,1890,632
633,1890_the-garden-of-doctor-gachet-at-auvers-sur-oise-1890(1).jpg,"(31, 40, 33)","(200, 205, 189)","(81, 119, 153)","(120, 105, 59)",26.09327909205264,1890,633
634,1890_still-life-with-thistles-1890.jpg,"(105, 146, 98)","(224, 228, 174)","(188, 100, 55)","(41, 39, 25)",34.40782157170417,1890,634
635,1890_cottages-and-cypresses-reminiscence-of-the-north-1890(1).jpg,"(31, 41, 30)","(173, 178, 136)","(118, 128, 96)","(74, 86, 65)",8.626134885268565,1890,635
636,1890_l-arlesienne-portrait-of-madame-ginoux-1890.jpg,"(89, 108, 79)","(222, 215, 199)","(30, 31, 36)","(186, 182, 143)",16.013570619233207,1890,636
637,1890_peasants-lifting-potatoes-1890.jpg,"(152, 154, 123)","(100, 94, 67)","(191, 202, 173)","(25, 18, 10)",9.123854928378206,1890,637
638,1890_landscape-with-couple-walking-and-crescent-moon-1890(1).jpg,"(96, 98, 35)","(20, 18, 9)","(157, 143, 59)","(195, 185, 109)",22.058140063878085,1890,638
639,1890_portrait-of-adeline-ravoux-1890.jpg,"(22, 8, 11)","(52, 35, 47)","(166, 128, 48)","(68, 57, 106)",39.15080388690823,1890,639
640,1890_wheat-fields-with-auvers-in-the-background-1890.jpg,"(147, 97, 37)","(210, 190, 160)","(182, 140, 74)","(89, 52, 16)",16.26420306652555,1890,640
641,1890_old-man-in-sorrow-on-the-threshold-of-eternity-1890.jpg,"(111, 117, 144)","(166, 111, 51)","(230, 206, 176)","(61, 34, 23)",30.832656566362818,1890,641
642,1890_the-plain-at-auvers-1890.jpg,"(166, 178, 155)","(32, 44, 20)","(110, 124, 76)","(221, 233, 233)",14.537364338802787,1890,642
643,1890_daubigny-s-garden-1890(1).jpg,"(144, 167, 126)","(37, 59, 43)","(203, 218, 191)","(95, 118, 75)",9.140685253639417,1890,643
644,1890_japanese-vase-with-roses-and-anemones-1890(1).jpg,"(214, 174, 58)","(210, 121, 24)","(243, 224, 110)","(77, 54, 14)",30.00298421163791,1890,644
645,1890_tree-trunks-in-the-grass-1890.jpg,"(214, 218, 168)","(105, 115, 53)","(34, 47, 20)","(168, 172, 88)",15.156292187640846,1890,645
646,1890_marguerite-gachet-at-the-piano-1890-1.jpg,"(98, 106, 40)","(224, 232, 221)","(31, 17, 9)","(166, 173, 153)",20.197535199852954,1890,646
647,1890_garden-in-auvers-1890(1).jpg,"(209, 171, 103)","(102, 125, 70)","(42, 27, 20)","(147, 127, 131)",29.230519604412496,1890,647
648,1890_thatched-cottages-in-jorgus-1890.jpg,"(102, 106, 63)","(160, 160, 92)","(44, 35, 19)","(213, 213, 155)",14.113827253130497,1890,648
649,1890_wheat-fields-at-auvers-under-clouded-sky-1890.jpg,"(207, 210, 132)","(62, 94, 26)","(95, 174, 212)","(128, 155, 68)",37.82608099128449,1890,649
650,1890_poppies-and-butterflies-1890.jpg,"(111, 104, 40)","(49, 43, 18)","(183, 170, 67)","(171, 60, 23)",38.19187434976169,1890,650
651,1890_a-group-of-cottages-1890(1).jpg,"(75, 110, 147)","(145, 149, 77)","(52, 65, 45)","(195, 200, 153)",33.21508654121569,1890,651
652,1890_houses-in-auvers-1890.jpg,"(153, 163, 76)","(93, 110, 41)","(193, 192, 200)","(35, 31, 14)",30.436704149491344,1890,652
653,1890_ears-of-wheat-1890(1).jpg,"(132, 120, 55)","(43, 37, 8)","(176, 161, 85)","(90, 81, 31)",12.719269527374706,1890,653
654,1890_rest-work-after-millet-1890.jpg,"(131, 78, 13)","(79, 124, 173)","(52, 33, 18)","(197, 159, 44)",52.5702851307769,1890,654
655,1890_alcohol-3840756.jpg,"(230, 229, 218)","(43, 41, 45)","(170, 183, 163)","(93, 116, 104)",10.054518133803406,1890,655
656,1890_still-life-with-irises-1890.jpg,"(222, 199, 66)","(36, 45, 36)","(82, 110, 92)","(153, 172, 164)",34.247209487572036,1890,656
657,1890_two-little-girls-1890.jpg,"(122, 135, 144)","(39, 44, 29)","(190, 143, 41)","(80, 96, 67)",34.943818278732834,1890,657
658,1890_view-of-vessenots-near-auvers-1890.jpg,"(137, 137, 137)","(135, 135, 34)","(73, 72, 17)","(191, 180, 57)",34.386027357436795,1890,658
659,1890_young-girl-standing-against-a-background-of-wheat-1890.jpg,"(126, 107, 65)","(216, 199, 190)","(162, 154, 114)","(72, 56, 29)",11.799468446838342,1890,659
660,1890_portrait-of-doctor-gachet-1890.jpg,"(33, 40, 61)","(48, 77, 156)","(196, 190, 147)","(137, 90, 60)",46.37602689135366,1890,660
661,1890_first-steps-after-millet-1890(1).jpg,"(183, 179, 138)","(104, 106, 38)","(37, 46, 13)","(173, 156, 67)",17.786476502585426,1890,661
662,1890_child-with-orange-1890(1).jpg,"(170, 161, 62)","(212, 211, 169)","(118, 150, 167)","(89, 98, 32)",34.65644357182323,1890,662
663,1890_morning-going-to-work-1890.jpg,"(140, 114, 74)","(221, 214, 168)","(195, 173, 77)","(88, 62, 32)",18.529121722130693,1890,663
664,1890_two-women-crossing-the-fields-1890.jpg,"(90, 106, 21)","(143, 199, 118)","(178, 160, 31)","(86, 139, 125)",36.210172097486,1890,664
665,1890_the-house-of-pere-pilon-1890.jpg,"(232, 205, 119)","(90, 81, 56)","(29, 23, 12)","(129, 122, 99)",19.936269178511658,1890,665
666,1890_thatched-houses-against-a-hill-1890.jpg,"(195, 168, 84)","(58, 57, 25)","(137, 113, 48)","(216, 200, 140)",14.926341341092368,1890,666
667,1890_still-life-vase-with-roses-1890.jpg,"(112, 91, 66)","(216, 211, 194)","(173, 159, 140)","(38, 27, 16)",6.2586331504865464,1890,667
668,1890_sheaves-of-wheat-1890-1.jpg,"(217, 198, 165)","(159, 125, 51)","(78, 57, 19)","(216, 177, 57)",25.234407984322214,1890,668
669,1890_rowing-boats-on-the-banks-of-the-oise-1890.jpg,"(37, 62, 54)","(148, 115, 50)","(74, 125, 126)","(178, 198, 173)",26.97338304258774,1890,669
670,1890_the-little-arlesienne-1890.jpg,"(157, 123, 59)","(211, 183, 80)","(27, 40, 23)","(232, 210, 108)",26.864799618887258,1890,670
671,1890_the-little-stream-1890.jpg,"(61, 86, 112)","(191, 166, 99)","(111, 107, 68)","(40, 56, 48)",31.69553766812776,1890,671
672,1890_plain-near-auvers-1890.jpg,"(160, 176, 159)","(52, 68, 41)","(214, 227, 213)","(111, 129, 99)",6.691460735518696,1890,672
673,1890_portrait-of-adeline-ravoux-1890-2.jpg,"(12, 9, 7)","(109, 140, 78)","(60, 77, 43)","(194, 174, 87)",29.06683134801433,1890,673
674,1890_landscape-with-carriage-and-train-1890.jpg,"(154, 161, 103)","(48, 56, 27)","(207, 216, 171)","(110, 115, 65)",7.396767776353468,1890,674
675,1890_chestnut-tree-in-blossom-1890(1).jpg,"(112, 142, 145)","(30, 20, 11)","(201, 175, 97)","(96, 101, 60)",28.994345912258808,1890,675
676,1890_auvers-town-hall-in-14-july-1890-1890(1).jpg,"(24, 31, 22)","(223, 216, 198)","(171, 160, 77)","(81, 107, 118)",28.04142118116745,1890,676
677,1890_dr-paul-gachet-1890(1).jpg,"(70, 88, 105)","(175, 186, 146)","(217, 162, 72)","(28, 33, 31)",37.82218737731635,1890,677
678,1890_two-children-1890.jpg,"(128, 94, 77)","(211, 176, 138)","(40, 25, 23)","(216, 154, 75)",24.76398527320549,1890,678
679,1890_branches-with-almond-blossom-1890(1).jpg,"(77, 168, 184)","(53, 125, 138)","(193, 217, 195)","(41, 64, 64)",16.502025682923087,1890,679
680,1890_view-of-auvers-1890.jpg,"(78, 69, 21)","(172, 158, 121)","(136, 119, 54)","(227, 216, 165)",8.889241921472687,1890,680
681,1890_antique-3840751.jpg,"(229, 226, 221)","(102, 130, 139)","(47, 61, 82)","(164, 187, 172)",14.718217287105995,1890,681
682,1890_wheatfield-with-crows-1890.jpg,"(47, 54, 59)","(209, 177, 97)","(65, 115, 184)","(132, 105, 61)",48.89581009499339,1890,682
683,1890_field-with-stacks-of-wheat-1890(1).jpg,"(188, 189, 113)","(46, 61, 21)","(115, 130, 73)","(177, 200, 217)",26.517886527308452,1890,683
684,1890_young-peasant-girl-in-a-straw-hat-sitting-in-front-of-a-wheatfield-1890.jpg,"(186, 168, 48)","(65, 50, 24)","(235, 228, 151)","(75, 91, 138)",48.784876165449155,1890,684
685,1890_wheatfields-under-thunderclouds-1890.jpg,"(36, 80, 170)","(122, 155, 98)","(46, 87, 43)","(185, 201, 186)",48.49777005970713,1890,685
686,1890_landscape-with-the-chateau-of-auvers-at-sunset-1890.jpg,"(17, 23, 17)","(162, 156, 93)","(226, 228, 138)","(77, 87, 57)",24.177170660729956,1890,686
687,1890_wheat-field-at-auvers-with-white-house-1890.jpg,"(116, 134, 58)","(167, 175, 84)","(210, 217, 188)","(65, 81, 24)",18.216335597075954,1890,687
688,1890_still-life-glass-with-wild-flowers-1890.jpg,"(45, 38, 29)","(92, 124, 165)","(210, 168, 110)","(80, 106, 67)",37.42141445654885,1890,688
689,1890_cows-1890(1).jpg,"(83, 51, 25)","(190, 138, 64)","(143, 69, 39)","(229, 197, 110)",22.968117208244195,1890,689
690,1890_thatched-sandstone-cottages-in-chaponval-1890.jpg,"(37, 55, 45)","(194, 218, 209)","(150, 164, 125)","(89, 107, 75)",10.67820200477366,1890,690
691,1890_daubigny-s-garden-1890-1(1).jpg,"(79, 110, 25)","(209, 198, 103)","(42, 68, 10)","(134, 145, 56)",14.199461210241546,1890,691
692,1890_the-church-at-auvers-1890.jpg,"(161, 139, 54)","(42, 82, 136)","(32, 41, 28)","(219, 200, 139)",45.45571535820701,1890,692
693,1890_blossoming-chestnut-branches-1890(1).jpg,"(80, 115, 169)","(25, 34, 19)","(195, 203, 169)","(107, 118, 55)",35.24770183325509,1890,693
694,1890_red-poppies-and-daisies-1890.jpg,"(86, 58, 36)","(203, 201, 185)","(171, 56, 41)","(153, 167, 109)",37.00585644886866,1890,694
